arena_r,interac_r,pi1,pi2,q1,q2,lambda,f0,f1,f2,sdf0,sdf1,sdf2,Q,sdQ
20,2,0.3,0.3,7,8,0.0,0.1820394901,0.382781876,0.4351786339,0.0651862918,0.0822565619,0.0840002825,-0.330385118,0.2307953401
20,2,0.3,0.3,7,8,0.05,0.1894140751,0.3784126825,0.4321732424,0.0663510867,0.082754764,0.0843909656,-0.3246521227,0.2316261592
20,2,0.3,0.3,7,8,0.1,0.1982170172,0.3743638376,0.4274191452,0.0673381115,0.0818953989,0.0838085867,-0.32130853,0.2285693183
20,2,0.3,0.3,7,8,0.15,0.2070925126,0.3711827757,0.4217247117,0.0686042846,0.0819790058,0.0835011932,-0.3206408398,0.2276567513
20,2,0.3,0.3,7,8,0.2,0.2172228371,0.3649384797,0.4178386832,0.0695404224,0.0814790088,0.0834014365,-0.3120382761,0.2258951779
20,2,0.3,0.3,7,8,0.25,0.2289497626,0.3606835434,0.410366694,0.0710666425,0.081236819,0.0833541526,-0.3110003928,0.2243642873
20,2,0.3,0.3,7,8,0.3,0.2413470918,0.3543391295,0.4043137787,0.0721064756,0.0803051604,0.0823506777,-0.3043644803,0.2205441621
20,2,0.3,0.3,7,8,0.35,0.2551437855,0.347790481,0.3970657336,0.0736445261,0.0805546661,0.0825882155,-0.2985152283,0.2203400394
20,2,0.3,0.3,7,8,0.4,0.2700096404,0.3410600207,0.3889303388,0.0752432879,0.0801943973,0.0818464348,-0.2931897026,0.2176241256
20,2,0.3,0.3,7,8,0.45,0.2872317635,0.3328377906,0.379930446,0.0765765329,0.0798219364,0.0819606442,-0.2857451351,0.2159952778
20,2,0.3,0.3,7,8,0.5,0.307918449,0.3219817903,0.3700997608,0.0779032102,0.0788045568,0.0814218851,-0.2738638198,0.212159607
20,2,0.3,0.3,7,8,0.55,0.3308601421,0.3126761167,0.3564637412,0.0793156313,0.0781877555,0.0805988704,-0.2688884922,0.2087739104
20,2,0.3,0.3,7,8,0.6,0.3569671868,0.2996179527,0.3434148606,0.0810707017,0.0777517886,0.0802654821,-0.2558210447,0.2060455515
20,2,0.3,0.3,7,8,0.65,0.3876523726,0.2846035634,0.327744064,0.0823280858,0.0766342748,0.0793512234,-0.2414630628,0.2014221809
20,2,0.3,0.3,7,8,0.7,0.4255416146,0.2677342093,0.3067241761,0.0835254595,0.0750467845,0.0780911725,-0.2287442425,0.1952787958
20,2,0.3,0.3,7,8,0.75,0.4701683151,0.2475226908,0.2823089942,0.0839941971,0.0728720688,0.0763245075,-0.2127363873,0.1876919591
20,2,0.3,0.3,7,8,0.8,0.5261124719,0.2205588603,0.2533286678,0.0846831672,0.0704125768,0.0735656686,-0.1877890527,0.1778786974
20,2,0.3,0.3,7,8,0.85,0.5968347913,0.1874431392,0.2157220695,0.0822274771,0.0657066328,0.0691819771,-0.159164209,0.1635233665
20,2,0.3,0.3,7,8,0.9,0.6899686507,0.1446968258,0.1653345235,0.0781742734,0.0593999071,0.0627938819,-0.1240591281,0.1441418556
20,2,0.3,0.3,7,8,0.95,0.8162487949,0.0858459671,0.097905238,0.0656254159,0.0477006989,0.0502534183,-0.0737866962,0.1123163737
20,2,0.3,0.3,7,10,0.0,0.1640005713,0.3437727711,0.4922266576,0.0624514444,0.0800686663,0.0841521693,-0.1953188846,0.2278384184
20,2,0.3,0.3,7,10,0.05,0.1712234798,0.3408540722,0.487922448,0.0637179697,0.0800127443,0.0842091117,-0.1937856964,0.2270810421
20,2,0.3,0.3,7,10,0.1,0.1786441961,0.3372613989,0.484094405,0.0648172785,0.0800586005,0.0847299006,-0.1904283929,0.2271369325
20,2,0.3,0.3,7,10,0.15,0.1875196915,0.3352191952,0.4772611133,0.0661607078,0.0792640572,0.0839360872,-0.1931772771,0.2237812911
20,2,0.3,0.3,7,10,0.2,0.1965312957,0.3313030314,0.4721656729,0.0671053582,0.0795523268,0.0843429742,-0.1904403899,0.2242908601
20,2,0.3,0.3,7,10,0.25,0.206875424,0.3270962259,0.4660283501,0.0684657664,0.0795560521,0.0845099314,-0.1881641018,0.2236641585
20,2,0.3,0.3,7,10,0.3,0.2191333595,0.3205328668,0.4603337737,0.069945401,0.0788956367,0.084490636,-0.1807319599,0.2213106716
20,2,0.3,0.3,7,10,0.35,0.2318860285,0.3158180455,0.452295926,0.0713191755,0.0785251788,0.0839898382,-0.179340165,0.2190599264
20,2,0.3,0.3,7,10,0.4,0.2457786982,0.3110245296,0.4431967722,0.0726201122,0.0782620022,0.0837492036,-0.1788522869,0.2173570146
20,2,0.3,0.3,7,10,0.45,0.2629331239,0.3035304031,0.433536473,0.0744324498,0.0780391085,0.0841278748,-0.1735243332,0.2160850145
20,2,0.3,0.3,7,10,0.5,0.2809231978,0.2955169779,0.4235598243,0.0758597594,0.0777603599,0.0841325837,-0.1674741315,0.2144889512
20,2,0.3,0.3,7,10,0.55,0.3037527761,0.2871923448,0.4090548791,0.0778500916,0.0768250629,0.0836730372,-0.1653298104,0.2104632977
20,2,0.3,0.3,7,10,0.6,0.3289419074,0.2759131646,0.3951449281,0.079336569,0.0756393565,0.082647743,-0.1566814011,0.2055024073
20,2,0.3,0.3,7,10,0.65,0.3599011676,0.2635104081,0.3765884243,0.0811606758,0.0747940077,0.0821687643,-0.1504323919,0.2016082051
20,2,0.3,0.3,7,10,0.7,0.3949432642,0.2491170065,0.3559397294,0.082746583,0.0733833579,0.0804455296,-0.1422942836,0.1950157917
20,2,0.3,0.3,7,10,0.75,0.4394692755,0.2299996429,0.3305310815,0.083555973,0.0711077488,0.0795119853,-0.1294682044,0.1879923878
20,2,0.3,0.3,7,10,0.8,0.4942287285,0.2081643875,0.297606884,0.0846722126,0.0686896274,0.0776210575,-0.118721891,0.179013709
20,2,0.3,0.3,7,10,0.85,0.5657861249,0.1782188739,0.2559950012,0.0840739226,0.0646198586,0.0739614091,-0.1004427465,0.1653129697
20,2,0.3,0.3,7,10,0.9,0.6611558539,0.1390382404,0.1998059057,0.0800772775,0.0586132463,0.0674780351,-0.0782705752,0.1464520085
20,2,0.3,0.3,7,10,0.95,0.7969060592,0.0833608741,0.1197330667,0.0675504247,0.0463991051,0.0545556013,-0.0469886814,0.1127833447
20,3,0.3,0.3,7,8,0.0,0.1816317349,0.3818342557,0.4365340094,0.0653576775,0.08223091,0.0838593021,-0.3271345021,0.2304895462
20,3,0.3,0.3,7,8,0.05,0.1897215696,0.3794317135,0.4308467169,0.066250249,0.0820042276,0.0836914479,-0.3280167101,0.2293092769
20,3,0.3,0.3,7,8,0.1,0.198070768,0.3737371371,0.4281920948,0.0673902958,0.0818162189,0.0836428809,-0.3192821795,0.2281860046
20,3,0.3,0.3,7,8,0.15,0.2070412397,0.3689706145,0.4239881458,0.0685135941,0.0814201351,0.083466,-0.3139530832,0.2264661669
20,3,0.3,0.3,7,8,0.2,0.2174373549,0.3642757882,0.4182868569,0.0699811748,0.0814392943,0.083726618,-0.3102647195,0.2258979016
20,3,0.3,0.3,7,8,0.25,0.228386332,0.3602433677,0.4113703003,0.0709925235,0.081271079,0.0834181342,-0.3091164352,0.2245569155
20,3,0.3,0.3,7,8,0.3,0.2407799479,0.3543459849,0.4048740672,0.0724463392,0.0809963387,0.0832737422,-0.3038179027,0.2228655325
20,3,0.3,0.3,7,8,0.35,0.254985825,0.347388153,0.3976260221,0.0736232767,0.0800220292,0.0823759243,-0.2971502839,0.2189469249
20,3,0.3,0.3,7,8,0.4,0.2701621737,0.3393920091,0.3904458171,0.0750535715,0.080140085,0.0824658168,-0.2883382012,0.2183354184
20,3,0.3,0.3,7,8,0.45,0.2879315885,0.3315189774,0.3805494341,0.0764688016,0.0795582629,0.082015661,-0.2824885207,0.2155501193
20,3,0.3,0.3,7,8,0.5,0.3071669226,0.3238787446,0.3689543328,0.0780903578,0.0792182612,0.0812365545,-0.2788031564,0.2127325147
20,3,0.3,0.3,7,8,0.55,0.3311609241,0.3121172564,0.3567218195,0.0794224788,0.0777863653,0.0807421633,-0.2675126933,0.2079575493
20,3,0.3,0.3,7,8,0.6,0.3570698754,0.3005632877,0.3423668369,0.0813167198,0.0777255432,0.0805065876,-0.2587597386,0.2060744392
20,3,0.3,0.3,7,8,0.65,0.3879932874,0.285544471,0.3264622416,0.0822416899,0.0757956989,0.0786994527,-0.2446267005,0.1988047994
20,3,0.3,0.3,7,8,0.7,0.4257888385,0.2684524583,0.3057587032,0.0831388358,0.0746181818,0.0775354401,-0.2311462134,0.1939544786
20,3,0.3,0.3,7,8,0.75,0.4697821259,0.2475878173,0.2826300568,0.084316187,0.0727537643,0.0763192838,-0.2125455779,0.1871206074
20,3,0.3,0.3,7,8,0.8,0.5256910058,0.2210663049,0.2532426893,0.0844172529,0.0695474352,0.073304931,-0.1888899204,0.1757537141
20,3,0.3,0.3,7,8,0.85,0.5967772343,0.1885734281,0.2146493377,0.0830275467,0.0659014474,0.0694765397,-0.1624975185,0.1635598556
20,3,0.3,0.3,7,8,0.9,0.6899713643,0.1447442425,0.1652843932,0.0783191827,0.059358492,0.06281411,-0.1242040918,0.1439084151
20,3,0.3,0.3,7,8,0.95,0.8169543328,0.0860296354,0.0970160317,0.0653434807,0.0473000235,0.0497496944,-0.0750432392,0.1109473239
20,3,0.3,0.3,7,10,0.0,0.1640011426,0.345150998,0.4908478595,0.0623636984,0.0808305197,0.0847386365,-0.1994541365,0.2301410116
20,3,0.3,0.3,7,10,0.05,0.1712154818,0.3414097904,0.4873747277,0.0635119723,0.079677764,0.0840171021,-0.1954448531,0.2262749557
20,3,0.3,0.3,7,10,0.1,0.1787333167,0.3387687364,0.4824979469,0.064582497,0.0801099934,0.0846193471,-0.1950395258,0.2272557373
20,3,0.3,0.3,7,10,0.15,0.1875082658,0.3338785304,0.4786132038,0.0660715882,0.0798684009,0.0847265712,-0.1891438569,0.2260058292
20,3,0.3,0.3,7,10,0.2,0.1969260542,0.3317570607,0.4713168851,0.0671964775,0.0795242026,0.0843060534,-0.1921972364,0.224134762
20,3,0.3,0.3,7,10,0.25,0.2076982183,0.3263244189,0.4659773628,0.0684356149,0.0784991809,0.0837069029,-0.186671475,0.2205139415
20,3,0.3,0.3,7,10,0.3,0.2187547399,0.3214452101,0.45980005,0.0698938225,0.0784734031,0.0837786393,-0.1830903703,0.2196240841
20,3,0.3,0.3,7,10,0.35,0.2322096619,0.3145312243,0.4532591138,0.0711711916,0.0777413832,0.0836589761,-0.1758033349,0.2170901466
20,3,0.3,0.3,7,10,0.4,0.246266719,0.3113960081,0.4423372728,0.0728587807,0.078383576,0.0842268984,-0.1804547435,0.2180128833
20,3,0.3,0.3,7,10,0.45,0.2628798515,0.303704074,0.4334160746,0.0743652472,0.0775396662,0.0829677007,-0.1739920734,0.2136935589
20,3,0.3,0.3,7,10,0.5,0.2816820081,0.2952280501,0.4230899418,0.0764619791,0.0771446976,0.0834872543,-0.1673661585,0.2119559449
20,3,0.3,0.3,7,10,0.55,0.3034535652,0.2857037169,0.4108427179,0.0777478233,0.0762021026,0.0834936269,-0.160564716,0.2089609336
20,3,0.3,0.3,7,10,0.6,0.3289237691,0.2761829543,0.3948932767,0.0797346281,0.0755478363,0.0827294567,-0.1574726318,0.205090518
20,3,0.3,0.3,7,10,0.65,0.3599531546,0.2630629485,0.3769838969,0.0810098785,0.0741935983,0.081675051,-0.1491420002,0.1997883411
20,3,0.3,0.3,7,10,0.7,0.3953757275,0.249530903,0.3550933695,0.0824505109,0.0728236582,0.0807566184,-0.1439684365,0.1943924687
20,3,0.3,0.3,7,10,0.75,0.439299318,0.2302173028,0.3304833792,0.0837072965,0.0710612515,0.0793369239,-0.1299512265,0.1875298065
20,3,0.3,0.3,7,10,0.8,0.4951222194,0.2079821473,0.2968956332,0.0845663559,0.0682159231,0.0772717205,-0.1190686614,0.1775677118
20,3,0.3,0.3,7,10,0.85,0.5672191952,0.1779130932,0.2548677116,0.0839326579,0.0644187272,0.0734606644,-0.1009584747,0.1643126897
20,3,0.3,0.3,7,10,0.9,0.6626771878,0.1382697183,0.1990530939,0.0797743315,0.0583045699,0.0677480068,-0.0774863427,0.1464173028
20,3,0.3,0.3,7,10,0.95,0.7957657728,0.0835739636,0.1206602635,0.0679713143,0.0466890654,0.0546677503,-0.0464876638,0.1131578659
20,4,0.3,0.3,7,8,0.0,0.181769272,0.3813035313,0.4369271968,0.065437501,0.0821871226,0.0839617337,-0.3256798657,0.2304624131
20,4,0.3,0.3,7,8,0.05,0.1811807048,0.3799528689,0.4388664263,0.0653166966,0.083801559,0.0856070954,-0.3210393116,0.235774024
20,4,0.3,0.3,7,8,0.1,0.1815941729,0.377757275,0.4406485521,0.0657951475,0.0854160004,0.0874798727,-0.3148659978,0.2409886724
20,4,0.3,0.3,7,8,0.15,0.1809977506,0.3785966366,0.4404056129,0.0660237416,0.0877885081,0.0896967429,-0.3167876602,0.2483126679
20,4,0.3,0.3,7,8,0.2,0.1820133538,0.3769890385,0.4409976077,0.0667246314,0.0890447801,0.0913631874,-0.3129804692,0.2524107374
20,4,0.3,0.3,7,8,0.25,0.1830560931,0.3729557611,0.4439881458,0.0668292173,0.0915258935,0.0939338582,-0.3019233763,0.2603850144
20,4,0.3,0.3,7,8,0.3,0.182757025,0.3705746421,0.4466683329,0.0673819224,0.0940955658,0.0968930383,-0.2944809512,0.2687154418
20,4,0.3,0.3,7,8,0.35,0.1862361552,0.3684333202,0.4453305245,0.0679853724,0.0950835008,0.0978693138,-0.291536116,0.2715445061
20,4,0.3,0.3,7,8,0.4,0.1855691791,0.3677409219,0.446689899,0.0682521739,0.0980276282,0.1010260708,-0.2887919449,0.2809956901
20,4,0.3,0.3,7,8,0.45,0.1918263291,0.3624368194,0.4457368515,0.0694901537,0.0992744857,0.1024726367,-0.2791367872,0.2845640559
20,4,0.3,0.3,7,8,0.5,0.1955986718,0.3583652658,0.4460360624,0.0705296888,0.1015338061,0.1044759023,-0.2706944692,0.2909492244
20,4,0.3,0.3,7,8,0.55,0.1981621737,0.3551036527,0.4467341736,0.0711184837,0.1055448283,0.1088556263,-0.2634731317,0.3037617971
20,4,0.3,0.3,7,8,0.6,0.2018129753,0.3503949727,0.447792052,0.0723873246,0.1069229677,0.111126221,-0.2529978934,0.3084840152
20,4,0.3,0.3,7,8,0.65,0.2116299497,0.3432250509,0.4451449995,0.0737559922,0.1093629841,0.1142969213,-0.2413051023,0.3163432308
20,4,0.3,0.3,7,8,0.7,0.2190523798,0.3358207591,0.4451268611,0.0767380318,0.1141076173,0.1195922327,-0.226514657,0.3305340304
20,4,0.3,0.3,7,8,0.75,0.2302484379,0.3282228014,0.4415287607,0.0779176159,0.1164941533,0.1226658052,-0.2149168422,0.3382657477
20,4,0.3,0.3,7,8,0.8,0.2461718856,0.3130932981,0.4407348163,0.0815239243,0.1198494425,0.1263748309,-0.1854517799,0.3475670098
20,4,0.3,0.3,7,8,0.85,0.2658656764,0.2959937159,0.4381406077,0.0831669389,0.1254820706,0.1314388626,-0.153846824,0.3639636584
20,4,0.3,0.3,7,8,0.9,0.2983862606,0.2834922698,0.4181214696,0.0888477905,0.1319452841,0.1399028245,-0.1488630699,0.3839113038
20,4,0.3,0.3,7,8,0.95,0.3323837612,0.2413777984,0.4262384404,0.1000319116,0.1381454024,0.1537343796,-0.0565171564,0.4066877487
20,4,0.3,0.3,7,10,0.0,0.1636549434,0.3433184561,0.4930266005,0.0624523077,0.0802750158,0.0845924031,-0.1936103117,0.2287608171
20,4,0.3,0.3,7,10,0.05,0.1631492127,0.3409311958,0.4959195915,0.0627239699,0.0816443187,0.0860890937,-0.1859428,0.2331526796
20,4,0.3,0.3,7,10,0.1,0.162603492,0.3369951798,0.5004013282,0.0628989734,0.0836120014,0.0889010674,-0.1735890313,0.2402986439
20,4,0.3,0.3,7,10,0.15,0.1625987789,0.3314609919,0.5059402292,0.0632782804,0.0848700607,0.0899741765,-0.1569817546,0.243916664
20,4,0.3,0.3,7,10,0.2,0.162645053,0.3279163066,0.5094386403,0.06330838,0.0867818763,0.0924889084,-0.1463939729,0.2506656278
20,4,0.3,0.3,7,10,0.25,0.1636780805,0.3245728568,0.5117490627,0.0638931538,0.0889057328,0.0947813357,-0.1373966508,0.2573153912
20,4,0.3,0.3,7,10,0.3,0.1646121327,0.3189229835,0.5164648838,0.0643212952,0.089843963,0.0964046533,-0.1213810833,0.2608423654
20,4,0.3,0.3,7,10,0.35,0.1643284893,0.314935409,0.5207361017,0.0648420892,0.0915299532,0.0988971131,-0.1091347163,0.2668320031
20,4,0.3,0.3,7,10,0.4,0.1668991324,0.30958289,0.5235179776,0.0652905365,0.0931023832,0.1006440863,-0.0956478023,0.2717909317
20,4,0.3,0.3,7,10,0.45,0.1699109508,0.3021981647,0.5278908844,0.0660110902,0.0948449089,0.1028811619,-0.0765054451,0.2775103833
20,4,0.3,0.3,7,10,0.5,0.1736305924,0.2989204128,0.5274489949,0.066779032,0.0969531579,0.1048813908,-0.0703918306,0.2836916092
20,4,0.3,0.3,7,10,0.55,0.1748884208,0.2919137359,0.5331978434,0.0677705664,0.09801641,0.1068084789,-0.0506296283,0.2875443513
20,4,0.3,0.3,7,10,0.6,0.1832311922,0.279221766,0.5375470418,0.0692108319,0.0994929323,0.1090584841,-0.0208964902,0.2923936418
20,4,0.3,0.3,7,10,0.65,0.1828340058,0.2702220159,0.5469439783,0.0696359764,0.1022491033,0.1128751081,0.0064999464,0.3020816221
20,4,0.3,0.3,7,10,0.7,0.1898315421,0.2626301996,0.5475382583,0.0708819235,0.1056957844,0.1162294453,0.0222778591,0.3122642323
20,4,0.3,0.3,7,10,0.75,0.199849609,0.2497439926,0.5504063984,0.0727840245,0.105626647,0.1176709621,0.0509184133,0.3128678138
20,4,0.3,0.3,7,10,0.8,0.2188144392,0.2355116935,0.5456738672,0.0758941168,0.1038276001,0.118117395,0.0746504802,0.3082472162
20,4,0.3,0.3,7,10,0.85,0.2289936087,0.2166451244,0.5543612668,0.0789907809,0.1080062694,0.1236325727,0.121071018,0.3215090629
20,4,0.3,0.3,7,10,0.9,0.2547477416,0.1916128111,0.5536394473,0.0880877327,0.1104272092,0.1328802614,0.1704138251,0.332592251
20,4,0.3,0.3,7,10,0.95,0.3114355697,0.1527695219,0.5357949084,0.0943388632,0.1047681822,0.1317213325,0.2302558646,0.3164018301
20,5,0.3,0.3,7,8,0.0,0.1817104295,0.3815716071,0.4367179634,0.0650730388,0.081470973,0.0834564448,-0.3264252508,0.2285848867
20,5,0.3,0.3,7,8,0.05,0.1800562716,0.3815446138,0.4383991145,0.0652640613,0.084332583,0.086312244,-0.3246901132,0.2377025922
20,5,0.3,0.3,7,8,0.1,0.1784558146,0.3789152712,0.4426289142,0.0653904271,0.0860704601,0.0879988735,-0.3152016282,0.2431631837
20,5,0.3,0.3,7,8,0.15,0.1770968686,0.3790366694,0.443866462,0.0655792049,0.0888203387,0.0906187772,-0.3142068769,0.2517306883
20,5,0.3,0.3,7,8,0.2,0.1759521548,0.3777432785,0.4463045667,0.065777527,0.0919662763,0.0942780863,-0.3091819902,0.2622183868
20,5,0.3,0.3,7,8,0.25,0.1749905381,0.3763564823,0.4486529796,0.0660580908,0.0937736801,0.0965225537,-0.304059985,0.2682973834
20,5,0.3,0.3,7,8,0.3,0.1754195737,0.3731281465,0.4514522798,0.0663867057,0.0950033578,0.0980024987,-0.2948040133,0.2723103152
20,5,0.3,0.3,7,8,0.35,0.1741277538,0.3727555254,0.4531167208,0.066642989,0.0984351856,0.10117894,-0.29239433,0.2827823763
20,5,0.3,0.3,7,8,0.4,0.1749149855,0.370218731,0.4548662834,0.067210652,0.1020580933,0.1047882479,-0.2855711786,0.2939427047
20,5,0.3,0.3,7,8,0.45,0.1761132574,0.3636739387,0.4602128039,0.0675981202,0.1038402022,0.1071312457,-0.2671350734,0.2999817082
20,5,0.3,0.3,7,8,0.5,0.175604099,0.3616594423,0.4627364587,0.0677344857,0.1070940247,0.1105808866,-0.2605824258,0.3103598831
20,5,0.3,0.3,7,8,0.55,0.1758221873,0.3613539472,0.4628238655,0.0682810162,0.1110977648,0.1151289974,-0.259884029,0.3232580143
20,5,0.3,0.3,7,8,0.6,0.1782215875,0.3559310172,0.4658473953,0.0689217149,0.114668524,0.1185572115,-0.2460146392,0.3340063682
20,5,0.3,0.3,7,8,0.65,0.1796048131,0.3519258757,0.4684693112,0.0697739568,0.1199645052,0.1244969486,-0.2353824401,0.3508711381
20,5,0.3,0.3,7,8,0.7,0.1854372121,0.3419105224,0.4726522655,0.0709350807,0.1222060768,0.1272659035,-0.2111687792,0.3579555984
20,5,0.3,0.3,7,8,0.75,0.1843809048,0.3365250116,0.4790940836,0.0715402363,0.1288854989,0.1343261872,-0.1939559396,0.3788976034
20,5,0.3,0.3,7,8,0.8,0.1934534938,0.3280728389,0.4784736673,0.0734974554,0.1324463254,0.1375729869,-0.1776720106,0.3888796766
20,5,0.3,0.3,7,8,0.85,0.2040469883,0.3097739851,0.4861790267,0.0778745436,0.1413048322,0.1491963187,-0.1333689435,0.4176745972
20,5,0.3,0.3,7,8,0.9,0.2155823901,0.2918423251,0.4925752848,0.0778636988,0.1536458732,0.1609445409,-0.0911093655,0.4552211009
20,5,0.3,0.3,7,8,0.95,0.2354322848,0.2577507052,0.50681701,0.0836464398,0.1617764449,0.1718712949,-0.0086844003,0.4813060161
20,5,0.3,0.3,7,10,0.0,0.1636745099,0.3436099547,0.4927155354,0.062615426,0.080238974,0.0845723605,-0.1945043739,0.2285734609
20,5,0.3,0.3,7,10,0.05,0.1615346163,0.3402042347,0.498261149,0.0624318447,0.082714094,0.0872494727,-0.1821473203,0.2368367983
20,5,0.3,0.3,7,10,0.1,0.1606015639,0.3356159532,0.503782483,0.0627033215,0.0841103245,0.0890444218,-0.1674494234,0.2416000709
20,5,0.3,0.3,7,10,0.15,0.1591843468,0.3314935552,0.509322098,0.0627039803,0.0861840702,0.0914889896,-0.1536650123,0.2486227888
20,5,0.3,0.3,7,10,0.2,0.1569818974,0.3277604884,0.5152576142,0.0627461034,0.0877381038,0.0938061515,-0.1402633627,0.2543864862
20,5,0.3,0.3,7,10,0.25,0.1555238333,0.324146392,0.5203297747,0.0627950542,0.0897665547,0.0958173095,-0.1279630092,0.2607769905
20,5,0.3,0.3,7,10,0.3,0.1552656122,0.3192240511,0.5255103367,0.0631563845,0.0926685704,0.0991101749,-0.1129377656,0.2702143708
20,5,0.3,0.3,7,10,0.35,0.1556635127,0.312934195,0.5314022923,0.0634064937,0.0942708872,0.1012605166,-0.0944660978,0.275757703
20,5,0.3,0.3,7,10,0.4,0.1540961902,0.3044978755,0.5414059342,0.063304265,0.0960829412,0.1032688131,-0.0675898168,0.2817269474
20,5,0.3,0.3,7,10,0.45,0.1531892741,0.2998353269,0.546975399,0.0638358992,0.0992634167,0.1074513952,-0.0526952548,0.2925862579
20,5,0.3,0.3,7,10,0.5,0.152524726,0.291149784,0.5563254901,0.0637656743,0.1013478679,0.1094859708,-0.0259740779,0.2990948895
20,5,0.3,0.3,7,10,0.55,0.1551876317,0.2851895598,0.5596228086,0.0645955101,0.1028747267,0.1118753812,-0.0107563109,0.3044706871
20,5,0.3,0.3,7,10,0.6,0.1557042168,0.2741143286,0.5701814546,0.0649261152,0.1052250576,0.1143459486,0.0219527975,0.311814149
20,5,0.3,0.3,7,10,0.65,0.1564290356,0.2637850537,0.5797859107,0.0662423769,0.1075865525,0.1185187027,0.0522158032,0.3206448835
20,5,0.3,0.3,7,10,0.7,0.1613699432,0.2529963223,0.5856337344,0.0673607941,0.1091258791,0.1209833923,0.0796410897,0.3260164649
20,5,0.3,0.3,7,10,0.75,0.1605809976,0.2357027886,0.6037162138,0.0664455357,0.1122058958,0.1240855624,0.1323106366,0.3360098811
20,5,0.3,0.3,7,10,0.8,0.1674945549,0.215137787,0.6173676581,0.0686244399,0.1138627618,0.1277823837,0.1870920841,0.3425708049
20,5,0.3,0.3,7,10,0.85,0.1699436569,0.193142143,0.6369142,0.0690963899,0.1161209753,0.1316154615,0.250629914,0.3511748173
20,5,0.3,0.3,7,10,0.9,0.183505695,0.1705353662,0.6459589388,0.0724218332,0.1164646516,0.1353744354,0.3048882065,0.3547857942
20,5,0.3,0.3,7,10,0.95,0.2118658907,0.1318778877,0.6562562217,0.0821749236,0.1117905453,0.1398449799,0.3925004463,0.3466225256
20,6,0.3,0.3,7,8,0.0,0.181830828,0.3830372407,0.4351319313,0.06506748,0.0821306846,0.0837700862,-0.3309425501,0.2303419724
20,6,0.3,0.3,7,8,0.05,0.1793945799,0.3812434034,0.4393620166,0.0651852249,0.0847639687,0.0866229753,-0.3231247902,0.2390020393
20,6,0.3,0.3,7,8,0.1,0.1775441854,0.3813703717,0.4410854429,0.0654545836,0.0873119989,0.0896002356,-0.3216553005,0.2475001264
20,6,0.3,0.3,7,8,0.15,0.1751085086,0.3788555718,0.4460359196,0.0652677524,0.0899995515,0.0921264969,-0.3116752241,0.2560109976
20,6,0.3,0.3,7,8,0.2,0.1735470418,0.3774142179,0.4490387403,0.0655146748,0.0916908073,0.0941816067,-0.3057896954,0.2616665908
20,6,0.3,0.3,7,8,0.25,0.1716196665,0.3753324526,0.4530478809,0.0657442264,0.0939789866,0.0966466423,-0.2976170243,0.2690156378
20,6,0.3,0.3,7,8,0.3,0.1697901239,0.3745746421,0.455635234,0.0656645163,0.0968163066,0.0994449345,-0.2935140501,0.2780010989
20,6,0.3,0.3,7,8,0.35,0.1683889028,0.3727408148,0.4588702824,0.0657317398,0.1006446079,0.1035765445,-0.2866113472,0.2903773425
20,6,0.3,0.3,7,8,0.4,0.1668641411,0.3676319492,0.4655039097,0.0659395231,0.1038256848,0.107111419,-0.2697599886,0.300667863
20,6,0.3,0.3,7,8,0.45,0.1659665084,0.3679671511,0.4660663406,0.0659598619,0.1071787791,0.1105203273,-0.2698679616,0.3112339403
20,6,0.3,0.3,7,8,0.5,0.1663535545,0.3644450316,0.4692014139,0.0664231953,0.1109820538,0.1147617987,-0.2596886493,0.3234019593
20,6,0.3,0.3,7,8,0.55,0.1652571143,0.3590396687,0.4757032171,0.0665783528,0.1147161672,0.1186779199,-0.2423761203,0.3351817208
20,6,0.3,0.3,7,8,0.6,0.164864641,0.3566138465,0.4785215125,0.0670202946,0.1195992594,0.1236973978,-0.2347061806,0.3503478215
20,6,0.3,0.3,7,8,0.65,0.1633173135,0.3479081658,0.4887745207,0.066969841,0.1238983711,0.1284039247,-0.207041811,0.3641395646
20,6,0.3,0.3,7,8,0.7,0.1652171243,0.3429856822,0.4917971936,0.0679144576,0.1308351741,0.1356707584,-0.1941741707,0.3856189488
20,6,0.3,0.3,7,8,0.75,0.1660641982,0.3308885636,0.5030472382,0.0682199007,0.1371962075,0.1423873583,-0.158729889,0.4055260359
20,6,0.3,0.3,7,8,0.8,0.1656651551,0.3212255508,0.5131092941,0.0683698674,0.1445002592,0.1507252719,-0.1293418074,0.4290540697
20,6,0.3,0.3,7,8,0.85,0.1683426286,0.3013906523,0.530266719,0.0696328062,0.1536067783,0.1603962748,-0.0725145856,0.4572238988
20,6,0.3,0.3,7,8,0.9,0.1744579569,0.2821224694,0.5434195737,0.071642299,0.1628106683,0.1713005613,-0.0208253651,0.4866315764
20,6,0.3,0.3,7,8,0.95,0.1862001642,0.2375958867,0.576203949,0.0740751014,0.1812537376,0.1887358781,0.1010121755,0.5413011714
20,6,0.3,0.3,7,10,0.0,0.1640749813,0.3447775199,0.4911474988,0.062651997,0.080724503,0.0850728032,-0.198407541,0.2301309896
20,6,0.3,0.3,7,10,0.05,0.1614330703,0.3395031242,0.4990638055,0.0626145899,0.0829630265,0.0877149944,-0.179942443,0.2377767221
20,6,0.3,0.3,7,10,0.1,0.158749027,0.335161781,0.506089192,0.0624729572,0.0845571148,0.0897633291,-0.16423437,0.2434462136
20,6,0.3,0.3,7,10,0.15,0.1567836612,0.3321852394,0.5110310994,0.0624270409,0.0865634869,0.0918284491,-0.1533393794,0.2499250786
20,6,0.3,0.3,7,10,0.2,0.154469097,0.3276637983,0.5178671047,0.0625024173,0.0890829138,0.0951330417,-0.137460492,0.2587515714
20,6,0.3,0.3,7,10,0.25,0.1522363695,0.3224972328,0.5252663977,0.062337494,0.0915292666,0.0974950222,-0.119728068,0.2664761746
20,6,0.3,0.3,7,10,0.3,0.1503482701,0.3165554326,0.5330962974,0.062173757,0.0927109415,0.0992929933,-0.1000145678,0.2709576636
20,6,0.3,0.3,7,10,0.35,0.1482890706,0.3072171957,0.5444937337,0.0623192042,0.095445332,0.1027501421,-0.0699406577,0.2802931985
20,6,0.3,0.3,7,10,0.4,0.1471246474,0.3014914843,0.5513838683,0.0624710874,0.098181193,0.1059646661,-0.0515991002,0.2893398311
20,6,0.3,0.3,7,10,0.45,0.1456025994,0.2937716999,0.5606257007,0.0625864275,0.0999877095,0.1081209421,-0.0269176991,0.2953329389
20,6,0.3,0.3,7,10,0.5,0.1437277823,0.2846434106,0.5716288071,0.0622956265,0.1026283139,0.1109990536,0.0023419859,0.3039676043
20,6,0.3,0.3,7,10,0.55,0.1424775235,0.2773569465,0.58016553,0.0622519345,0.1053668356,0.1141609164,0.0254516371,0.3129865141
20,6,0.3,0.3,7,10,0.6,0.1416860071,0.2654664905,0.5928475024,0.0622988899,0.1097613653,0.1190803976,0.0619145214,0.3272055375
20,6,0.3,0.3,7,10,0.65,0.1410641625,0.2513248831,0.6076109544,0.062611014,0.1100005164,0.1204006327,0.1049611883,0.3290126754
20,6,0.3,0.3,7,10,0.7,0.1412931053,0.2384516728,0.6202552219,0.0628840631,0.1128475641,0.1231448608,0.1433518763,0.3376278955
20,6,0.3,0.3,7,10,0.75,0.1431080801,0.2245458635,0.6323460563,0.0634814046,0.1155837441,0.1266388586,0.1832543293,0.346713189
20,6,0.3,0.3,7,10,0.8,0.142099618,0.2004821652,0.6574182169,0.0631306796,0.1183610001,0.1305615709,0.2564538865,0.3566846844
20,6,0.3,0.3,7,10,0.85,0.1418679616,0.1765480059,0.6815840326,0.0637477589,0.1170700964,0.1308658379,0.3284880209,0.3542350827
20,6,0.3,0.3,7,10,0.9,0.1463788339,0.1450100332,0.7086111329,0.0653386528,0.1154268759,0.1306478574,0.4185910665,0.3501549526
20,6,0.3,0.3,7,10,0.95,0.155814475,0.0987953012,0.7453902239,0.0684896164,0.1028334326,0.1218752755,0.5477996215,0.314049968
20,7,0.3,0.3,7,8,0.0,0.182075624,0.3819200914,0.4360042846,0.0651749842,0.0820133548,0.0839150861,-0.3278358982,0.2301886403
20,7,0.3,0.3,7,8,0.05,0.1791336452,0.3806785446,0.4401878102,0.0651946483,0.0841505051,0.0858140207,-0.3211692791,0.2368106821
20,7,0.3,0.3,7,8,0.1,0.1766101332,0.3809030599,0.4424868069,0.0652272592,0.0873268025,0.0893691198,-0.319319313,0.2474007896
20,7,0.3,0.3,7,8,0.15,0.1743245617,0.3802797872,0.4453956511,0.0654364768,0.0893658785,0.0915514786,-0.3151639233,0.2539659743
20,7,0.3,0.3,7,8,0.2,0.1721728139,0.3784728104,0.4493543757,0.0652863143,0.0918524767,0.0940414106,-0.307591245,0.261969502
20,7,0.3,0.3,7,8,0.25,0.1701146142,0.3769153426,0.4529700432,0.0654079464,0.0951095064,0.0975988972,-0.300860642,0.2725713567
20,7,0.3,0.3,7,8,0.3,0.1672387617,0.3748417181,0.4579195201,0.0651894501,0.0985794183,0.1013339846,-0.2917639162,0.2839257135
20,7,0.3,0.3,7,8,0.35,0.1657904095,0.3742415825,0.459968008,0.0654808324,0.1009346287,0.1039453009,-0.2885151569,0.291487896
20,7,0.3,0.3,7,8,0.4,0.1641512479,0.3697269968,0.4661217553,0.0654817956,0.1058592073,0.1092739982,-0.2733322384,0.3073820416
20,7,0.3,0.3,7,8,0.45,0.1628022994,0.3658391117,0.4713585889,0.0655167357,0.1091116369,0.1124377553,-0.2603196344,0.3174491408
20,7,0.3,0.3,7,8,0.5,0.1612899632,0.3647480987,0.4739619381,0.065655868,0.1138507134,0.1173094776,-0.2555342593,0.3323177158
20,7,0.3,0.3,7,8,0.55,0.1590282429,0.3576501589,0.4833215982,0.0656967997,0.1165210646,0.1204796701,-0.2319787196,0.3411405351
20,7,0.3,0.3,7,8,0.6,0.157123005,0.3524690256,0.4904079694,0.0656338188,0.1221063433,0.1264435322,-0.2145300818,0.358898396
20,7,0.3,0.3,7,8,0.65,0.1564024708,0.3445665726,0.4990309565,0.0657689594,0.129032461,0.1335798081,-0.1901021887,0.3804942041
20,7,0.3,0.3,7,8,0.7,0.1555168351,0.3392731817,0.5052099832,0.0658787614,0.1350280318,0.1399486926,-0.1733363802,0.3993398346
20,7,0.3,0.3,7,8,0.75,0.1531467133,0.3278521798,0.5190011069,0.0663106404,0.1438178675,0.149161306,-0.1367032528,0.4266785178
20,7,0.3,0.3,7,8,0.8,0.1523854751,0.312129539,0.5354849859,0.066559127,0.1523621601,0.1585514724,-0.0887740922,0.4536968595
20,7,0.3,0.3,7,8,0.85,0.1510228157,0.2945237976,0.5544533867,0.0666093699,0.1623630695,0.1692914708,-0.0345942086,0.4850523558
20,7,0.3,0.3,7,8,0.9,0.1536191666,0.2667913022,0.5795895312,0.0672760533,0.1772392427,0.1844971623,0.0460069268,0.5306109394
20,7,0.3,0.3,7,8,0.95,0.1538102617,0.2177378513,0.628451887,0.0684882085,0.1951130526,0.2041600664,0.1929761845,0.5865810674
20,7,0.3,0.3,7,10,0.0,0.1638945978,0.3443587675,0.4917466348,0.0624767078,0.0802807996,0.0842707599,-0.1969709001,0.2284032521
20,7,0.3,0.3,7,10,0.05,0.160894205,0.3407523833,0.4983534116,0.0624451763,0.0823159258,0.0870941192,-0.183151355,0.2358237192
20,7,0.3,0.3,7,10,0.1,0.1586626201,0.335986432,0.505350948,0.062438466,0.0849852832,0.0899349048,-0.1666219159,0.2445459617
20,7,0.3,0.3,7,10,0.15,0.1561661013,0.3325772843,0.5112566144,0.0625590656,0.0871192745,0.0923197731,-0.1538979541,0.2515554732
20,7,0.3,0.3,7,10,0.2,0.1528687828,0.326066769,0.5210644482,0.0621911764,0.0891403035,0.0952273478,-0.1310690899,0.2591239486
20,7,0.3,0.3,7,10,0.25,0.15042268,0.3203117792,0.5292655408,0.0619876878,0.0915948068,0.0980522468,-0.1113580176,0.2673863015
20,7,0.3,0.3,7,10,0.3,0.1483920448,0.3138158318,0.5377921234,0.0620935554,0.0938172951,0.1005515366,-0.0898395401,0.2746465445
20,7,0.3,0.3,7,10,0.35,0.1458214018,0.3099358018,0.5442427964,0.062061976,0.0968835425,0.1043222809,-0.0756288071,0.2850693985
20,7,0.3,0.3,7,10,0.4,0.144181526,0.3002043775,0.5556140965,0.0618217012,0.0991838063,0.1068307976,-0.0447946585,0.2926075478
20,7,0.3,0.3,7,10,0.45,0.1416848645,0.2903389867,0.5679761488,0.0616493851,0.1018736712,0.1099908541,-0.0127018245,0.3015993036
20,7,0.3,0.3,7,10,0.5,0.1395988146,0.2810348841,0.5793663013,0.0613683953,0.104913371,0.1136436294,0.017296533,0.3118547035
20,7,0.3,0.3,7,10,0.55,0.137641304,0.2697901239,0.5925685721,0.0616416366,0.1073934633,0.1165313564,0.0529883243,0.3199053362
20,7,0.3,0.3,7,10,0.6,0.1350253865,0.2574317849,0.6075428286,0.0612665277,0.1096260889,0.119185336,0.0926792588,0.3274378328
20,7,0.3,0.3,7,10,0.65,0.1331875603,0.2459597958,0.620852644,0.0610718587,0.1142792769,0.1244540018,0.1289330525,0.3425862967
20,7,0.3,0.3,7,10,0.7,0.1312236227,0.2274574214,0.641318956,0.0609404942,0.1149750673,0.1257721586,0.1864041133,0.3454620335
20,7,0.3,0.3,7,10,0.75,0.1287402435,0.2072296212,0.6640301353,0.0609515019,0.1153104217,0.1271315351,0.249570893,0.3476148308
20,7,0.3,0.3,7,10,0.8,0.1299809333,0.1898608205,0.6801582462,0.0611584272,0.1193296378,0.1314590737,0.3004366051,0.3602792424
20,7,0.3,0.3,7,10,0.85,0.1247071089,0.1551562109,0.7201366801,0.0604482306,0.1153036981,0.1289486082,0.4098242582,0.3497783732
20,7,0.3,0.3,7,10,0.9,0.1235206913,0.1149011319,0.7615781769,0.0601079881,0.1061853515,0.1213363328,0.5317759132,0.3234092604
20,7,0.3,0.3,7,10,0.95,0.1207455279,0.0756779377,0.8035765344,0.0600336995,0.0930610279,0.1113070112,0.6522206591,0.2862198309
20,8,0.3,0.3,7,8,0.0,0.1821383226,0.3828520013,0.4350096762,0.0651644289,0.0822399311,0.0838670995,-0.3306943264,0.2306267616
20,8,0.3,0.3,7,8,0.05,0.1793871532,0.3816337344,0.4389791124,0.0652891519,0.084066668,0.0858745956,-0.3242883565,0.2366457686
20,8,0.3,0.3,7,8,0.1,0.1763373442,0.3800262791,0.4436363766,0.0650450974,0.0868344447,0.0887548609,-0.3164161817,0.2457882652
20,8,0.3,0.3,7,8,0.15,0.174453101,0.3792574713,0.4462894276,0.0653988475,0.0892092322,0.0916155998,-0.3122255151,0.253724178
20,8,0.3,0.3,7,8,0.2,0.1719965723,0.377118149,0.4508852787,0.0652399415,0.0925557162,0.0951374448,-0.3033510194,0.2646512118
20,8,0.3,0.3,7,8,0.25,0.1693352376,0.3761511051,0.4545136573,0.0649687083,0.0953282183,0.0976216615,-0.2977885529,0.2732634545
20,8,0.3,0.3,7,8,0.3,0.1669883958,0.3740514871,0.4589601171,0.0651066299,0.0986628319,0.1013572277,-0.2891428571,0.2841623526
20,8,0.3,0.3,7,8,0.35,0.1648714964,0.3697968365,0.4653316671,0.0654149842,0.1029169619,0.1061310533,-0.2742620059,0.2979673931
20,8,0.3,0.3,7,8,0.4,0.1628197236,0.3681235405,0.4690567358,0.065207503,0.1060912728,0.1093795693,-0.2671903453,0.3080905429
20,8,0.3,0.3,7,8,0.45,0.1599174492,0.3667167494,0.4733658014,0.0651605198,0.1110678914,0.1146390229,-0.2600676974,0.3239614006
20,8,0.3,0.3,7,8,0.5,0.158209162,0.3629524048,0.4788384332,0.0652735187,0.1152555252,0.1189708628,-0.2470663763,0.3371111843
20,8,0.3,0.3,7,8,0.55,0.1557774842,0.3593465919,0.4848759239,0.0652999507,0.1208519385,0.1250401097,-0.23381726,0.3549761488
20,8,0.3,0.3,7,8,0.6,0.1540463456,0.3513188846,0.4946347699,0.0649495371,0.126153932,0.1307655152,-0.2080029993,0.3719554578
20,8,0.3,0.3,7,8,0.65,0.1519378727,0.3457741279,0.5022879994,0.0648059614,0.131897506,0.1365199553,-0.1892602564,0.3897373241
20,8,0.3,0.3,7,8,0.7,0.1502154461,0.3352647552,0.5145197986,0.0651005711,0.1394876905,0.1447539243,-0.1560097119,0.4136735693
20,8,0.3,0.3,7,8,0.75,0.1500054986,0.3246992538,0.5252952476,0.0651379302,0.1478550465,0.1534896284,-0.1241032599,0.4397248991
20,8,0.3,0.3,7,8,0.8,0.1468164387,0.305766844,0.5474167172,0.0651419956,0.1586102622,0.1652449729,-0.0641169708,0.4736813651
20,8,0.3,0.3,7,8,0.85,0.1456100261,0.2900734816,0.5643164923,0.0648672777,0.1687679078,0.17580834,-0.015830471,0.5051790079
20,8,0.3,0.3,7,8,0.9,0.1435166923,0.2468387189,0.6096445889,0.0649792049,0.1788477449,0.1867626394,0.1159671511,0.5367637762
20,8,0.3,0.3,7,8,0.95,0.1428397186,0.1876532295,0.6695070518,0.0649846847,0.1933975949,0.2023696484,0.2942005927,0.5820912159
20,8,0.3,0.3,7,10,0.0,0.1637552041,0.3440686971,0.4921760988,0.0626197947,0.0801156345,0.0847537005,-0.1959612954,0.2285129783
20,8,0.3,0.3,7,10,0.05,0.1611517121,0.3410694469,0.497778841,0.0624788958,0.0823104836,0.0869068201,-0.1843600528,0.2355870446
20,8,0.3,0.3,7,10,0.1,0.1577232835,0.3345196558,0.5077570607,0.0623584034,0.0846282921,0.0897131417,-0.1612822509,0.2435978026
20,8,0.3,0.3,7,10,0.15,0.1556319492,0.3315144071,0.5128536437,0.062364133,0.0870506738,0.0929025775,-0.1501751705,0.252152762
20,8,0.3,0.3,7,10,0.2,0.1524360339,0.3247825187,0.5227814475,0.0621107333,0.0894080492,0.0951702734,-0.1267835898,0.2596525603
20,8,0.3,0.3,7,10,0.25,0.1499325169,0.3202357982,0.5298316849,0.0618899418,0.0924466864,0.0987294437,-0.1106399115,0.269926135
20,8,0.3,0.3,7,10,0.3,0.1471122219,0.3133153854,0.5395723926,0.0615810639,0.0943679255,0.1010184839,-0.0870583783,0.2765168704
20,8,0.3,0.3,7,10,0.35,0.1452398329,0.307323312,0.5474368551,0.0616274889,0.0972391224,0.1041997516,-0.067209769,0.2858488263
20,8,0.3,0.3,7,10,0.4,0.1419278038,0.2991145071,0.5589576891,0.061553603,0.098836786,0.1065852832,-0.039271325,0.2917461864
20,8,0.3,0.3,7,10,0.45,0.1396823651,0.288848645,0.5714689899,0.0612925029,0.1019612913,0.110404932,-0.0062283001,0.302375321
20,8,0.3,0.3,7,10,0.5,0.1369680437,0.2787284607,0.5843034956,0.0609039966,0.1060153854,0.1147034666,0.0268465741,0.3154166036
20,8,0.3,0.3,7,10,0.55,0.1345399364,0.2675648231,0.5978952405,0.0608234671,0.1087516867,0.1181250586,0.0627655943,0.3246893534
20,8,0.3,0.3,7,10,0.6,0.1317900525,0.2531167208,0.6150932267,0.0606360363,0.110417184,0.1202033941,0.1088597851,0.3303707571
20,8,0.3,0.3,7,10,0.65,0.1293168137,0.2364114686,0.6342717178,0.0602183183,0.1123686285,0.123176095,0.1614487807,0.3376756009
20,8,0.3,0.3,7,10,0.7,0.1268502874,0.2212652551,0.6518844575,0.0600331135,0.1146365983,0.1258504096,0.2093539472,0.3451902742
20,8,0.3,0.3,7,10,0.75,0.1241876674,0.2016343057,0.6741780269,0.0597263343,0.1180097102,0.1299830617,0.2709094155,0.356524991
20,8,0.3,0.3,7,10,0.8,0.1224932338,0.1709701146,0.7065366516,0.059461745,0.1142353317,0.127180201,0.3645964223,0.3460509766
20,8,0.3,0.3,7,10,0.85,0.1178902417,0.1395428286,0.7425669297,0.0584797382,0.1112889141,0.1250072034,0.4634812725,0.3381596923
20,8,0.3,0.3,7,10,0.9,0.1159631521,0.1101380369,0.773898811,0.0585017642,0.1086017017,0.1238283117,0.5536227372,0.3315439898
20,8,0.3,0.3,7,10,0.95,0.1129440497,0.060339915,0.8267160353,0.0577523419,0.0845594641,0.1028555437,0.7060362052,0.2607085354
20,9,0.3,0.3,7,8,0.0,0.1817115721,0.38107416,0.4372142679,0.0652016592,0.0819262246,0.0837031714,-0.3249340522,0.2297554954
20,9,0.3,0.3,7,8,0.05,0.1791049381,0.3820084979,0.4388865641,0.0651128907,0.0843011565,0.0860721392,-0.3251304317,0.2374573063
20,9,0.3,0.3,7,8,0.1,0.1767202485,0.3798710322,0.4434087192,0.0653094231,0.0873164604,0.0895807111,-0.3163333452,0.247565053
20,9,0.3,0.3,7,8,0.15,0.1736064555,0.379593673,0.4467998715,0.0651435058,0.0898385784,0.0918804441,-0.3123874746,0.2554692083
20,9,0.3,0.3,7,8,0.2,0.1716679402,0.3774670618,0.450864998,0.0650608724,0.0927694336,0.095306753,-0.3040691256,0.2653701268
20,9,0.3,0.3,7,8,0.25,0.168850216,0.3794674189,0.4516823651,0.065216229,0.0961577584,0.0984472176,-0.3072524726,0.2757664554
20,9,0.3,0.3,7,8,0.3,0.1662100189,0.3752680401,0.4585219409,0.0650868087,0.099220049,0.102288489,-0.2920141393,0.2863283576
20,9,0.3,0.3,7,8,0.35,0.1638683186,0.3716775092,0.4644541722,0.0651150389,0.1029097713,0.1056147207,-0.2789008462,0.2975331867
20,9,0.3,0.3,7,8,0.4,0.1613569465,0.370085193,0.4685578605,0.0649631632,0.107187953,0.1104548978,-0.2716125254,0.3116022653
20,9,0.3,0.3,7,8,0.45,0.1594174314,0.3660352055,0.4745473632,0.0650009683,0.1096306676,0.1131183069,-0.2575230478,0.3194531296
20,9,0.3,0.3,7,8,0.5,0.1567709501,0.3623639804,0.4808650694,0.0646567877,0.115227138,0.1191111884,-0.2438628914,0.3374391578
20,9,0.3,0.3,7,8,0.55,0.1548460028,0.355452137,0.4897018602,0.0647993601,0.1200945986,0.1243728412,-0.2212024137,0.3529081644
20,9,0.3,0.3,7,8,0.6,0.1528525012,0.3515518263,0.4955956725,0.0648030739,0.1271530605,0.1315136589,-0.2075079801,0.3748280344
20,9,0.3,0.3,7,8,0.65,0.1504750955,0.3445869961,0.5049379084,0.0643581058,0.1354930864,0.1402582204,-0.1842360838,0.4011027702
20,9,0.3,0.3,7,8,0.7,0.1481770986,0.3302674331,0.5215554683,0.0643659669,0.1400664851,0.1453900168,-0.138979398,0.4157409493
20,9,0.3,0.3,7,8,0.75,0.1459977863,0.3244738815,0.5295283322,0.0643413486,0.1493309718,0.1549829075,-0.1194194309,0.4444973807
20,9,0.3,0.3,7,8,0.8,0.1441021173,0.3041369658,0.5517609169,0.0641613088,0.1606255643,0.1670463101,-0.0565130146,0.4798786238
20,9,0.3,0.3,7,8,0.85,0.1412801085,0.2801349663,0.5785849252,0.063909769,0.1703880603,0.1774341873,0.0183149927,0.5103648714
20,9,0.3,0.3,7,8,0.9,0.1395571107,0.2378792445,0.6225636448,0.0639337307,0.1852137087,0.1934669442,0.1468051559,0.5567207909
20,9,0.3,0.3,7,8,0.95,0.1361538187,0.174127611,0.6897185704,0.063312821,0.1960136133,0.2058063216,0.3414633484,0.5912526694
20,9,0.3,0.3,7,10,0.0,0.1640561288,0.344582283,0.4913615882,0.0625940021,0.0802849739,0.0843442356,-0.1978029778,0.2284291887
20,9,0.3,0.3,7,10,0.05,0.1608549291,0.340118399,0.4990266719,0.0624577163,0.0823459734,0.0872234838,-0.181210126,0.2360233712
20,9,0.3,0.3,7,10,0.1,0.1581600314,0.3365284393,0.5053115293,0.0622883128,0.0847000777,0.0895504775,-0.1677453494,0.2436038078
20,9,0.3,0.3,7,10,0.15,0.1549641161,0.330494662,0.5145412218,0.0621174949,0.0867102033,0.0922199699,-0.1464481023,0.250815387
20,9,0.3,0.3,7,10,0.2,0.1525067305,0.3237092156,0.523784054,0.0620244719,0.0894182844,0.0957904161,-0.1236343771,0.2603980005
20,9,0.3,0.3,7,10,0.25,0.1495570393,0.3195865319,0.5308564288,0.06177427,0.0919352349,0.0982155926,-0.1083166351,0.2683641397
20,9,0.3,0.3,7,10,0.3,0.146901846,0.3142037348,0.5388944193,0.0617602099,0.0953620673,0.1020520048,-0.0895130503,0.2796045981
20,9,0.3,0.3,7,10,0.35,0.1439117364,0.3035771057,0.5525111579,0.0612979777,0.0976103707,0.1045061925,-0.0546430535,0.2870826632
20,9,0.3,0.3,7,10,0.4,0.1414019352,0.2978351127,0.5607629521,0.0612280592,0.0997123001,0.1075166226,-0.0349072732,0.2946811474
20,9,0.3,0.3,7,10,0.45,0.1386360553,0.2861019031,0.5752620416,0.0611168108,0.1040771244,0.1123763758,0.0030582354,0.3088804095
20,9,0.3,0.3,7,10,0.5,0.1357055022,0.2785080873,0.5857864105,0.0608113712,0.1060669997,0.1150189146,0.028770236,0.3159007076
20,9,0.3,0.3,7,10,0.55,0.1331007248,0.2654943407,0.6014049345,0.060683173,0.1082753214,0.1178268003,0.0704162531,0.3234591797
20,9,0.3,0.3,7,10,0.6,0.1298629628,0.2481566751,0.6219803621,0.059952824,0.1106786421,0.1202943783,0.1256670118,0.3312432658
20,9,0.3,0.3,7,10,0.65,0.1269718285,0.2321012604,0.6409269111,0.0596775458,0.1126242932,0.1232878904,0.1767243903,0.3385000463
20,9,0.3,0.3,7,10,0.7,0.124431892,0.2098341129,0.6657339951,0.0595071697,0.1122509654,0.1237435748,0.2460657693,0.3383147734
20,9,0.3,0.3,7,10,0.75,0.1212218374,0.1874804156,0.691297747,0.0588591871,0.1128168198,0.1249760065,0.3163369158,0.3410190725
20,9,0.3,0.3,7,10,0.8,0.1180222087,0.1646525511,0.7173252401,0.0584127333,0.113632549,0.1264291833,0.3880201378,0.3443879462
20,9,0.3,0.3,7,10,0.85,0.1166893991,0.1328170814,0.7504935195,0.0584128558,0.1087476537,0.123020033,0.4848593566,0.3309591745
20,9,0.3,0.3,7,10,0.9,0.1120594137,0.0940350627,0.7939055236,0.0572686648,0.0980099274,0.1140315984,0.6058353983,0.3001431185
20,9,0.3,0.3,7,10,0.95,0.1083941872,0.0532471168,0.838358696,0.0564872918,0.0810552683,0.0994790369,0.7318644625,0.2504522852
20,10,0.3,0.3,7,8,0.0,0.1820861927,0.3819128075,0.4360009997,0.0654692392,0.0823150753,0.0841586734,-0.3278246153,0.2309333975
20,10,0.3,0.3,7,8,0.05,0.1793327382,0.3807131074,0.4399541543,0.0653108525,0.0849899551,0.0866256234,-0.3214720606,0.2394174926
20,10,0.3,0.3,7,8,0.1,0.176155961,0.3815291891,0.4423148499,0.0651548017,0.086725642,0.0889365736,-0.3207435284,0.2456966991
20,10,0.3,0.3,7,8,0.15,0.1738685329,0.3791796337,0.4469518335,0.0651447717,0.0898763598,0.0924704905,-0.3114074339,0.2561859726
20,10,0.3,0.3,7,8,0.2,0.1709516907,0.3782601492,0.4507881601,0.0650783473,0.093165559,0.0958635301,-0.3057321384,0.2667920444
20,10,0.3,0.3,7,8,0.25,0.1684984468,0.3764924483,0.4550091049,0.065037161,0.0961615467,0.0989430807,-0.2979757918,0.2763906536
20,10,0.3,0.3,7,8,0.3,0.1660896205,0.3761179705,0.457792409,0.0648081445,0.099796793,0.1028681832,-0.294443532,0.288273824
20,10,0.3,0.3,7,8,0.35,0.1634915557,0.3714190024,0.4650894419,0.0649069987,0.1035184026,0.1064720807,-0.2777485629,0.2997989876
20,10,0.3,0.3,7,8,0.4,0.1611077231,0.3686388403,0.4702534366,0.0648001923,0.1074355775,0.1111351739,-0.2670242439,0.3129047311
20,10,0.3,0.3,7,8,0.45,0.1589064163,0.366249152,0.4748444317,0.0647772735,0.1123171206,0.1159771836,-0.2576538722,0.3281017289
20,10,0.3,0.3,7,8,0.5,0.1563049238,0.3606138465,0.4830812297,0.0644609652,0.1166885627,0.1204954347,-0.2381464634,0.3419712581
20,10,0.3,0.3,7,8,0.55,0.154359553,0.3536594423,0.4919810047,0.0646020295,0.1210531564,0.1254781166,-0.2153378798,0.3561048003
20,10,0.3,0.3,7,8,0.6,0.1520177099,0.3488266505,0.4991556397,0.064383657,0.1283932502,0.1328636028,-0.1984976613,0.3789151099
20,10,0.3,0.3,7,8,0.65,0.149274967,0.3401211126,0.5106039204,0.0644308848,0.1352107159,0.1401881726,-0.1696383047,0.4004336644
20,10,0.3,0.3,7,8,0.7,0.1472714678,0.3305549327,0.5221735995,0.0639367126,0.1435734014,0.1489723751,-0.1389362659,0.4267111773
20,10,0.3,0.3,7,8,0.75,0.144936623,0.317541329,0.5375220481,0.0639154441,0.1511238543,0.1568801742,-0.0975606098,0.4502158539
20,10,0.3,0.3,7,8,0.8,0.1420006427,0.2973780841,0.5606212733,0.0638741534,0.1609988744,0.1671827726,-0.0341348948,0.4808474278
20,10,0.3,0.3,7,8,0.85,0.1400459885,0.2763720498,0.5835819617,0.0634020591,0.1749529491,0.1820228165,0.030837862,0.5244125106
20,10,0.3,0.3,7,8,0.9,0.1381681722,0.2380954761,0.6237363516,0.0633306617,0.1938418108,0.2019160848,0.1475453994,0.5828693302
20,10,0.3,0.3,7,8,0.95,0.1345445067,0.1608305067,0.7046249866,0.0629236264,0.1862012558,0.1963573684,0.3829639733,0.5619389013
20,10,0.3,0.3,7,10,0.0,0.1640554147,0.3452512586,0.4906933267,0.0626333792,0.0803034902,0.0845670049,-0.1998091906,0.2286935893
20,10,0.3,0.3,7,10,0.05,0.1607151069,0.3407308173,0.4985540758,0.0622729266,0.0822087951,0.086803758,-0.1829075588,0.2353689836
20,10,0.3,0.3,7,10,0.1,0.1581137573,0.3354604206,0.5064258221,0.0623094219,0.0840642973,0.0890148418,-0.1644950191,0.2416750599
20,10,0.3,0.3,7,10,0.15,0.1551176492,0.3307857321,0.5140966187,0.062216813,0.0870089658,0.0926781384,-0.1474748456,0.2518912646
20,10,0.3,0.3,7,10,0.2,0.1523140643,0.3258435391,0.5218423965,0.0620393754,0.0896038706,0.095820278,-0.1298446817,0.2608063086
20,10,0.3,0.3,7,10,0.25,0.1490594494,0.3195973864,0.5313431642,0.0617014753,0.0923014815,0.0988503572,-0.1078516085,0.2698470236
20,10,0.3,0.3,7,10,0.3,0.1466159175,0.3109802549,0.5424038276,0.0614549563,0.0947529233,0.1012205129,-0.0795566823,0.2775825143
20,10,0.3,0.3,7,10,0.35,0.1439508694,0.3056115971,0.5504375335,0.0615431112,0.097634463,0.1054028954,-0.0607856607,0.28800891
20,10,0.3,0.3,7,10,0.4,0.1408727818,0.2963397722,0.562787446,0.0611133529,0.0999449955,0.107840135,-0.0298920984,0.2955550932
20,10,0.3,0.3,7,10,0.45,0.1381160424,0.2836316635,0.5782522941,0.0606093717,0.1023073002,0.1109978587,0.010988967,0.3039988225
20,10,0.3,0.3,7,10,0.5,0.1350999393,0.2722455101,0.5926545506,0.0604254979,0.1049029272,0.113803757,0.0481635305,0.3123766134
20,10,0.3,0.3,7,10,0.55,0.132416753,0.2598558932,0.6077273539,0.0603960222,0.1086033372,0.1180377061,0.0880155675,0.3244556213
20,10,0.3,0.3,7,10,0.6,0.1291127218,0.2422695755,0.6286177027,0.0600038152,0.1107856203,0.1209185241,0.1440785518,0.3321199704
20,10,0.3,0.3,7,10,0.65,0.1268625701,0.2303701218,0.6427673082,0.0596588558,0.1144538905,0.1251944204,0.1820270647,0.3442393482
20,10,0.3,0.3,7,10,0.7,0.1235729639,0.2081619595,0.6682650766,0.0591856014,0.1150563267,0.1266048688,0.2519411576,0.3471429928
20,10,0.3,0.3,7,10,0.75,0.1207255329,0.1859977863,0.6932766808,0.058670862,0.1140359109,0.126122142,0.3212811083,0.3447622047
20,10,0.3,0.3,7,10,0.8,0.1173932231,0.1572532581,0.7253535188,0.0580938307,0.1119219893,0.1249656345,0.4108470025,0.3394976188
20,10,0.3,0.3,7,10,0.85,0.1136845789,0.1242787874,0.7620366337,0.0571924105,0.1063668246,0.1205339422,0.5134790588,0.3239240008
20,10,0.3,0.3,7,10,0.9,0.1095574678,0.0928010854,0.7976414468,0.056361181,0.0994433621,0.1148144796,0.6120392759,0.3041838627
20,10,0.3,0.3,7,10,0.95,0.1066878995,0.0491062949,0.8442058057,0.0557992281,0.0763570368,0.0948757173,0.745993216,0.2361344529
20,11,0.3,0.3,7,8,0.0,0.1819635091,0.3821099011,0.4359265898,0.0651983641,0.0818934596,0.0838869152,-0.3282932124,0.229888283
20,11,0.3,0.3,7,8,0.05,0.1790669476,0.3827544542,0.4381785982,0.065227744,0.0846583683,0.0865970045,-0.3273303103,0.2387258728
20,11,0.3,0.3,7,8,0.1,0.1765374371,0.3804848788,0.4429776842,0.0653188553,0.0869483974,0.0890863565,-0.3179920734,0.2462441347
20,11,0.3,0.3,7,8,0.15,0.1737816974,0.3794962688,0.4467220338,0.0651737671,0.090452928,0.0926265802,-0.3122705038,0.2575542726
20,11,0.3,0.3,7,8,0.2,0.1713895812,0.3776318777,0.4509785411,0.0652415893,0.0925310179,0.0950011423,-0.3042852144,0.2644516153
20,11,0.3,0.3,7,8,0.25,0.1686725462,0.3756340915,0.4556933624,0.0650081548,0.0957891338,0.0983766469,-0.2955748206,0.2750184039
20,11,0.3,0.3,7,8,0.3,0.1659435141,0.3751862034,0.4588702824,0.0647421697,0.0996558874,0.1027088535,-0.2915021245,0.2878402405
20,11,0.3,0.3,7,8,0.35,0.1634427108,0.3710718035,0.4654854858,0.0649700693,0.1039184014,0.107014884,-0.2766581212,0.3011785871
20,11,0.3,0.3,7,8,0.4,0.1608980612,0.3677669154,0.4713350234,0.0648086507,0.1086199072,0.1116266582,-0.2641988074,0.315865344
20,11,0.3,0.3,7,8,0.45,0.1585586461,0.3650457386,0.4763956154,0.0647937432,0.1138614804,0.1175483598,-0.2536958617,0.3329309428
20,11,0.3,0.3,7,8,0.5,0.1561988074,0.3610580212,0.4827431713,0.064666427,0.1170637139,0.1209726797,-0.2393728711,0.3431663631
20,11,0.3,0.3,7,8,0.55,0.1541703146,0.3536630128,0.4921666726,0.0645535341,0.1235297258,0.1278978447,-0.215159353,0.3637262947
20,11,0.3,0.3,7,8,0.6,0.151516121,0.348846217,0.499637662,0.0644139573,0.129518487,0.1341204537,-0.198054772,0.3825137949
20,11,0.3,0.3,7,8,0.65,0.1491488556,0.3414075053,0.5094436391,0.064062174,0.1373283849,0.1423765311,-0.1733713714,0.4071361164
20,11,0.3,0.3,7,8,0.7,0.1467445996,0.3291444282,0.5241109723,0.0638828518,0.1454596666,0.150689355,-0.1341778841,0.4323319273
20,11,0.3,0.3,7,8,0.75,0.1443243475,0.3146931838,0.5409824687,0.0637394767,0.1534349606,0.1590015308,-0.088403899,0.4571353644
20,11,0.3,0.3,7,8,0.8,0.1414539222,0.2893786553,0.5691674224,0.0632841718,0.1636983175,0.1702457264,-0.0095898882,0.4896160579
20,11,0.3,0.3,7,8,0.85,0.1391150784,0.2606739744,0.6002109473,0.0632020644,0.1736674873,0.1812199994,0.0788629985,0.5210522427
20,11,0.3,0.3,7,8,0.9,0.1360117114,0.2225142286,0.6414740601,0.0626716052,0.1898910879,0.198202304,0.1964456029,0.571269421
20,11,0.3,0.3,7,8,0.95,0.132752669,0.1680711251,0.6991762059,0.0620739567,0.2075872882,0.2173159797,0.3630339558,0.6265199488
20,11,0.3,0.3,7,10,0.0,0.16391445,0.3462790017,0.4898065484,0.0624820048,0.080063162,0.0841157046,-0.202751455,0.2277696489
20,11,0.3,0.3,7,10,0.05,0.1607946585,0.3403292034,0.4988761381,0.0623891029,0.0822990834,0.0871321296,-0.1817822687,0.235860252
20,11,0.3,0.3,7,10,0.1,0.1579725069,0.3362102332,0.50581726,0.0622357788,0.0846405618,0.0897709534,-0.1666032063,0.2437499459
20,11,0.3,0.3,7,10,0.15,0.1551279323,0.3310975113,0.5137745564,0.0621830324,0.0879111188,0.0934695379,-0.1484204663,0.2546495501
20,11,0.3,0.3,7,10,0.2,0.1522876424,0.326207591,0.5215047667,0.062242395,0.0899006285,0.095967737,-0.1309104153,0.2614840839
20,11,0.3,0.3,7,10,0.25,0.1491028671,0.3184582426,0.5324388903,0.0617064204,0.0918697732,0.0983095712,-0.1044775949,0.268364085
20,11,0.3,0.3,7,10,0.3,0.1467925876,0.3112426179,0.5419647945,0.0617425882,0.0947927762,0.1019414467,-0.0805204413,0.2783269729
20,11,0.3,0.3,7,10,0.35,0.1436060985,0.304476738,0.5519171636,0.0615173691,0.0980305361,0.1056037517,-0.0570363124,0.2890460166
20,11,0.3,0.3,7,10,0.4,0.1407041097,0.2951494983,0.564146392,0.0612609387,0.1006547201,0.1084449272,-0.0261526047,0.2975959301
20,11,0.3,0.3,7,10,0.45,0.1382415825,0.2835288321,0.5782295855,0.0609216639,0.1037890274,0.1120950829,0.0111719213,0.3080681707
20,11,0.3,0.3,7,10,0.5,0.1350466669,0.2725861392,0.5923671939,0.0606610527,0.1061897696,0.1153004864,0.0471949156,0.3165133217
20,11,0.3,0.3,7,10,0.55,0.1317719142,0.256522298,0.6117057878,0.0599898592,0.1076867783,0.1173482506,0.0986611918,0.3220138548
20,11,0.3,0.3,7,10,0.6,0.128724676,0.2417719856,0.6295033385,0.0597718082,0.1105107604,0.120665271,0.1459593673,0.3313770568
20,11,0.3,0.3,7,10,0.65,0.1264888064,0.2280338487,0.6454773449,0.059458202,0.1134688409,0.1241107238,0.1894096476,0.341161145
20,11,0.3,0.3,7,10,0.7,0.122601064,0.2053290963,0.6720698397,0.0588513552,0.1133281814,0.1248481366,0.2614116471,0.3418974521
20,11,0.3,0.3,7,10,0.75,0.1200195665,0.1851012961,0.6948791374,0.0584782761,0.1146332492,0.1267678886,0.3246765451,0.3467211647
20,11,0.3,0.3,7,10,0.8,0.1167125362,0.1564388903,0.7268485736,0.0577222994,0.1153020304,0.12813557,0.413970793,0.3497996491
20,11,0.3,0.3,7,10,0.85,0.1125817117,0.1188504302,0.768567858,0.0569125732,0.1040675097,0.1184156917,0.5308669975,0.3171261982
20,11,0.3,0.3,7,10,0.9,0.1094057914,0.0867231763,0.8038710322,0.056190086,0.0949455357,0.1107215832,0.6304246795,0.2907766909
20,11,0.3,0.3,7,10,0.95,0.1056721534,0.0435785339,0.8507493127,0.0552174668,0.070164455,0.0897067702,0.7635922448,0.2181336312
20,12,0.3,0.3,7,8,0.0,0.1818419681,0.382545078,0.4356129539,0.0651562586,0.0816787263,0.0835383492,-0.3294772021,0.2290715549
20,12,0.3,0.3,7,8,0.05,0.1791499268,0.3803949013,0.4404551719,0.0651396214,0.0843466252,0.086114125,-0.3203346306,0.2375851555
20,12,0.3,0.3,7,8,0.1,0.1765534331,0.3798997394,0.4435468276,0.065306356,0.0872396904,0.0894430369,-0.3162526511,0.2472547508
20,12,0.3,0.3,7,8,0.15,0.1737107152,0.3785252258,0.447764059,0.0649830129,0.0899684145,0.092166169,-0.3092863927,0.2561330082
20,12,0.3,0.3,7,8,0.2,0.1708917056,0.3782588639,0.4508494305,0.065129214,0.0929391314,0.0952535836,-0.3056682972,0.2656354633
20,12,0.3,0.3,7,8,0.25,0.1687655229,0.3765484343,0.4546860428,0.0651370359,0.0967699279,0.0991057821,-0.2984108259,0.2777889754
20,12,0.3,0.3,7,8,0.3,0.1659770772,0.3740364909,0.459986432,0.0649846581,0.0989190547,0.1017404551,-0.2880865498,0.2851617529
20,12,0.3,0.3,7,8,0.35,0.1630932267,0.3695216196,0.4673851537,0.0649951615,0.1037612527,0.1072682536,-0.2716580855,0.3011130651
20,12,0.3,0.3,7,8,0.4,0.1610671618,0.3695631806,0.4693696576,0.0648218643,0.1072509497,0.1106499858,-0.2697567037,0.3119985692
20,12,0.3,0.3,7,8,0.45,0.1588464313,0.3642900703,0.4768634984,0.0649776944,0.1133514878,0.117011375,-0.2517166423,0.3312433287
20,12,0.3,0.3,7,8,0.5,0.1562545078,0.3575747492,0.486170743,0.0646717594,0.1179215422,0.122261002,-0.2289787553,0.3462821474
20,12,0.3,0.3,7,8,0.55,0.1534679187,0.3561568179,0.4903752633,0.0642849456,0.1231864154,0.1273734249,-0.2219383725,0.3625689139
20,12,0.3,0.3,7,8,0.6,0.1507763059,0.3452618274,0.5039618667,0.0642012454,0.1300547127,0.1347343877,-0.1865617881,0.3843199653
20,12,0.3,0.3,7,8,0.65,0.1484973042,0.3361188274,0.5153838683,0.0642234816,0.1379788054,0.1434221906,-0.1568537866,0.4094989225
20,12,0.3,0.3,7,8,0.7,0.1462017353,0.3261510337,0.527647231,0.0638343868,0.1460362354,0.1515557461,-0.1246548363,0.4344160068
20,12,0.3,0.3,7,8,0.75,0.1437860535,0.3088129396,0.5474010069,0.0633144729,0.1548129236,0.1604689567,-0.0702248724,0.4615578633
20,12,0.3,0.3,7,8,0.8,0.1411302889,0.2887288178,0.5701408933,0.0632343651,0.1664071713,0.173162859,-0.0073167422,0.4981034404
20,12,0.3,0.3,7,8,0.85,0.1388320063,0.259509694,0.6016582997,0.062927689,0.1761345613,0.1836119705,0.0826389117,0.5285457229
20,12,0.3,0.3,7,8,0.9,0.1360272789,0.2241246831,0.639848038,0.0626171217,0.1911112317,0.1994087383,0.1915986718,0.5749702116
20,12,0.3,0.3,7,8,0.95,0.1322760738,0.1433335952,0.724390331,0.0620417707,0.1865948989,0.1967786359,0.4377231406,0.5633587398
20,12,0.3,0.3,7,10,0.0,0.1640765523,0.3443950441,0.4915284036,0.0627116505,0.0804676586,0.0845195646,-0.1972616846,0.2289441692
20,12,0.3,0.3,7,10,0.05,0.1608746385,0.3402947834,0.4988305781,0.0625824465,0.0824206216,0.0871174322,-0.1817589888,0.2359961207
20,12,0.3,0.3,7,10,0.1,0.1580102117,0.3358348984,0.5061548898,0.0621762916,0.0847052535,0.0897120102,-0.165514907,0.2438500188
20,12,0.3,0.3,7,10,0.15,0.1550065341,0.3321836684,0.5128097976,0.0618572322,0.0872385593,0.0925709722,-0.1515575392,0.2524260639
20,12,0.3,0.3,7,10,0.2,0.1520318492,0.324991038,0.5229771129,0.0620681307,0.089817159,0.0959191718,-0.127004963,0.2613413268
20,12,0.3,0.3,7,10,0.25,0.1493992216,0.3184012568,0.5321995215,0.0618557019,0.0922299304,0.0986759354,-0.1046029921,0.2694377949
20,12,0.3,0.3,7,10,0.3,0.1463772628,0.310972971,0.5426497661,0.0615127207,0.0960851695,0.1031144839,-0.079296176,0.2823549531
20,12,0.3,0.3,7,10,0.35,0.1432091977,0.3032500446,0.5535407577,0.0614320091,0.097853399,0.1051343512,-0.0529593316,0.2882076301
20,12,0.3,0.3,7,10,0.4,0.1407002535,0.2934383547,0.5658613918,0.061141087,0.1009236825,0.1084990296,-0.0210153176,0.2982502161
20,12,0.3,0.3,7,10,0.45,0.1375311886,0.2841029743,0.5783658371,0.0608428188,0.1032505329,0.1118674282,0.0101598886,0.306762616
20,12,0.3,0.3,7,10,0.5,0.1344740958,0.270785875,0.5947400293,0.0603388799,0.1065015578,0.1154442089,0.0531682794,0.3174208974
20,12,0.3,0.3,7,10,0.55,0.1317821973,0.2578786732,0.6103391295,0.0599448066,0.1083130902,0.1179689538,0.0945817831,0.3239654543
20,12,0.3,0.3,7,10,0.6,0.128558289,0.2418129753,0.6296287357,0.0594627611,0.1110446508,0.1211933759,0.146002785,0.3331326312
20,12,0.3,0.3,7,10,0.65,0.1259737923,0.2229361231,0.6510900846,0.0594110106,0.1136838271,0.1246430716,0.2052178384,0.3421877041
20,12,0.3,0.3,7,10,0.7,0.1225720713,0.2011844182,0.6762435106,0.0587743732,0.1140939802,0.1255231669,0.2738746742,0.3441859386
20,12,0.3,0.3,7,10,0.75,0.1190997965,0.1753585889,0.7055416146,0.0581632609,0.1102057097,0.1226437932,0.3548244367,0.33351216
20,12,0.3,0.3,7,10,0.8,0.1158234727,0.1490081765,0.7351683508,0.0573136842,0.10728427,0.1206443261,0.4371519977,0.3258142584
20,12,0.3,0.3,7,10,0.85,0.1127381012,0.1202585068,0.767003392,0.0569786283,0.1057099455,0.1197915233,0.5264863784,0.3218764584
20,12,0.3,0.3,7,10,0.9,0.1091738494,0.0848167958,0.8060093548,0.0560865072,0.0942119832,0.110097208,0.6363757632,0.2886662082
20,12,0.3,0.3,7,10,0.95,0.1051999857,0.0423228479,0.8524771664,0.0551976584,0.0659357218,0.0861150423,0.7678314707,0.205521179
20,20,0.3,0.3,7,8,0.0,0.182069197,0.3807699504,0.4371608526,0.0653292772,0.0816089655,0.0834268228,-0.3243790481,0.2287015848
20,20,0.3,0.3,7,8,0.05,0.1788791374,0.3822567215,0.4388641411,0.0652397377,0.0851498741,0.0869079411,-0.325649302,0.240103166
20,20,0.3,0.3,7,8,0.1,0.176560717,0.3809231978,0.4425160853,0.0650348193,0.087342721,0.089465801,-0.3193303103,0.2476405434
20,20,0.3,0.3,7,8,0.15,0.1737489913,0.3782440104,0.4480069983,0.0651825464,0.089743661,0.0921932449,-0.3084810226,0.2555871723
20,20,0.3,0.3,7,8,0.2,0.1711772057,0.3777674153,0.451055379,0.0650515439,0.0934098666,0.095731136,-0.3044794516,0.2671747808
20,20,0.3,0.3,7,8,0.25,0.1684361767,0.3749574035,0.4566064198,0.0650701435,0.0955472566,0.0982996591,-0.2933083872,0.274400968
20,20,0.3,0.3,7,8,0.3,0.1656194523,0.3737032885,0.4606772593,0.064900244,0.100193977,0.1032506901,-0.2867293177,0.2894668027
20,20,0.3,0.3,7,8,0.35,0.1627925876,0.370547506,0.4666599065,0.0649622747,0.1044046508,0.1075886493,-0.2744351055,0.3027998427
20,20,0.3,0.3,7,8,0.4,0.1604613132,0.3681652444,0.4713734424,0.0646787231,0.1092133039,0.1125652221,-0.2649570465,0.3181373723
20,20,0.3,0.3,7,8,0.45,0.1579453708,0.3619623666,0.4800922626,0.0645782942,0.1132567003,0.1170821913,-0.2438324705,0.3312800739
20,20,0.3,0.3,7,8,0.5,0.1555799622,0.3590101046,0.4854099332,0.0644770888,0.1196872567,0.123707241,-0.232610276,0.3514912389
20,20,0.3,0.3,7,8,0.55,0.1529993216,0.3507461706,0.4962545078,0.0639971368,0.1245837234,0.1290581648,-0.2052378334,0.3672919649
20,20,0.3,0.3,7,8,0.6,0.1501244689,0.3451278609,0.5047476702,0.0637493308,0.1326763323,0.1375018024,-0.1855080516,0.3926962408
20,20,0.3,0.3,7,8,0.65,0.1476983611,0.3302902846,0.5220113543,0.0636861878,0.1391663258,0.1443815746,-0.1385692148,0.4130736661
20,20,0.3,0.3,7,8,0.7,0.1455007677,0.3225326526,0.5319665798,0.0634587018,0.1483454601,0.1538109179,-0.1130987253,0.4415400718
20,20,0.3,0.3,7,8,0.75,0.1426629057,0.3071459278,0.5501911665,0.063189969,0.1570172555,0.163207595,-0.0641006891,0.4688824202
20,20,0.3,0.3,7,8,0.8,0.1401229693,0.2831647802,0.5767122505,0.0628035618,0.169770202,0.1764850437,0.01038269,0.5084130861
20,20,0.3,0.3,7,8,0.85,0.1373892241,0.2447193916,0.6178913843,0.0623955018,0.1737249772,0.181484481,0.1284526011,0.521637479
20,20,0.3,0.3,7,8,0.9,0.1345237976,0.2060009283,0.659475274,0.0619093166,0.1887623455,0.1975414572,0.2474734174,0.5684977514
20,20,0.3,0.3,7,8,0.95,0.1306329132,0.134721891,0.7346451958,0.0613785946,0.1815501893,0.1920167692,0.4652014139,0.5484883613
20,20,0.3,0.3,7,10,0.0,0.1638354697,0.3442967829,0.4918677473,0.0624832652,0.0802212228,0.0843679927,-0.1967258185,0.2283817533
20,20,0.3,0.3,7,10,0.05,0.1610444532,0.3409669011,0.4979886457,0.0623650818,0.0831747034,0.0876599746,-0.1839451566,0.2382901472
20,20,0.3,0.3,7,10,0.1,0.1579763631,0.3361361088,0.5058875281,0.0621774765,0.0846221473,0.089617009,-0.1663846895,0.2435713337
20,20,0.3,0.3,7,10,0.15,0.1549902524,0.3313520191,0.5136577284,0.0623748594,0.0871107431,0.0927276394,-0.1490463099,0.2520787347
20,20,0.3,0.3,7,10,0.2,0.152089549,0.3242659335,0.5236445174,0.0618929293,0.0898408424,0.0958295531,-0.1248873496,0.2613746394
20,20,0.3,0.3,7,10,0.25,0.1489848966,0.3182670047,0.5327480987,0.0618833183,0.0921877648,0.0985696151,-0.1037859107,0.2692216945
20,20,0.3,0.3,7,10,0.3,0.1463137073,0.3111227907,0.542563502,0.0615150976,0.0953995025,0.1025695282,-0.0796820795,0.2803563811
20,20,0.3,0.3,7,10,0.35,0.1431740636,0.3017027172,0.5551232192,0.0613592893,0.097602077,0.1050962705,-0.0482822152,0.2876851509
20,20,0.3,0.3,7,10,0.4,0.1401768129,0.2900473453,0.5697758418,0.0609298376,0.0999683167,0.1079577157,-0.0103188489,0.2958068643
20,20,0.3,0.3,7,10,0.45,0.137136573,0.2805562895,0.5823071375,0.0606419114,0.1038803905,0.1126912313,0.0211945585,0.3090143544
20,20,0.3,0.3,7,10,0.5,0.1343728354,0.2670959403,0.5985312243,0.060210264,0.1069631925,0.116132459,0.0643393437,0.3191495569
20,20,0.3,0.3,7,10,0.55,0.1309236976,0.2532244082,0.6158518942,0.0597282973,0.1079033227,0.1172740555,0.1094030778,0.3224646269
20,20,0.3,0.3,7,10,0.6,0.1277860535,0.2326586925,0.639555254,0.0592787298,0.1109578332,0.1213501725,0.1742378691,0.3331958914
20,20,0.3,0.3,7,10,0.65,0.1246306995,0.2163080658,0.6590612347,0.0587975811,0.1122127531,0.1229110649,0.226445103,0.3375756068
20,20,0.3,0.3,7,10,0.7,0.1215983147,0.1953483058,0.6830533795,0.0582381046,0.1125205799,0.1242578321,0.292356768,0.3398557904
20,20,0.3,0.3,7,10,0.75,0.1181744564,0.169624451,0.7122010926,0.057812201,0.1135202408,0.1259901,0.3729521905,0.3438852791
20,20,0.3,0.3,7,10,0.8,0.1150779448,0.1438841718,0.7410378834,0.0572648105,0.1069149648,0.1204434051,0.4532695398,0.3248787199
20,20,0.3,0.3,7,10,0.85,0.1113058878,0.11049709,0.7781970222,0.0562614209,0.0990620998,0.1135147034,0.5572028421,0.30200309
20,20,0.3,0.3,7,10,0.9,0.107652087,0.0761242547,0.8162236584,0.0556526169,0.0876530836,0.104125279,0.6639751491,0.2691285418
20,20,0.3,0.3,7,10,0.95,0.1040404185,0.0372524012,0.8587071803,0.054691516,0.0603326631,0.08145696,0.784202378,0.1891125764
