{
    "botName": "random bot",
    "randSeed": 164467,
    "nBots": 492,
    "formation": "pile",
    "timeStep": 0.0103,
    "simulationTime": 700,
    "commsRadius": 50,
    "msgSuccessRate": 0.8,
    "distanceNoise": 20,
    "distanceCoefficient": 0.8,
    "showComms": 0,
    "showCommsRadius": 0,
    "distributePercent": 1,
    "displayWidth": 600,
    "displayHeight": 600,
    "displayWidthPercent": 1,
    "displayHeightPercent": 1,
    "displayScale": 0.5,
    "showHist": 1,
    "storeHistory": 0,
    "histLength": 2000,
    "imageName": "./movie/movie_four/f%04d.bmp",
    "saveVideo": 0,
    "saveVideoN": 0,
    "stepsPerFrame": 1,
    "finalImage": null,
    "stateFileName": "PRW_nBots_492_ar_73.5_speed_9_speedVar_2_004.json",
    "stateFileSteps": 10,
    "colorscheme": "bright",
    "GUI": 0,
    "displayX": 0.0,
    "displayY": 0.0,
    "turnRate": 45.0,
    "speed": 9,
    "speedVariation": 2,
    "pushDisplacement": 1,
    "timestep": 0.0103
}