pi1,pi2,f0,f1,f2,Q,Qs,niter
0.01,0.01,0.11097086,0.00987519,0.87915395,0.85940357,0.8692787599999999,9.0
0.01,0.03,0.11069167,0.00963491,0.87967343,0.86040361,0.8700385199999999,9.0
0.01,0.05,0.11041419,0.00940629,0.88017952,0.86136694,0.87077323,9.0
0.01,0.07,0.11013841,0.00918851,0.88067309,0.8622960700000001,0.8714845800000001,9.0
0.01,0.09,0.10986429,0.00898079,0.88115492,0.8631933399999999,0.87217413,9.0
0.01,0.11,0.10959181,0.00878246,0.88162573,0.86406081,0.87284327,9.0
0.01,0.13,0.10932095,0.00859289,0.88208617,0.86490039,0.87349328,9.0
0.01,0.15,0.10905168,0.00841149,0.88253683,0.86571385,0.8741253400000001,9.0
0.01,0.17,0.10878398,0.00823776,0.88297826,0.86650274,0.8747405,8.0
0.01,0.19,0.10851783,0.0080712,0.88341097,0.86726857,0.8753397700000001,8.0
0.01,0.21,0.10825322,0.00791139,0.8838354,0.86801262,0.8759240100000001,8.0
0.01,0.23,0.10799011,0.00775791,0.88425198,0.8687361600000001,0.87649407,8.0
0.01,0.25,0.10772851,0.00761039,0.88466111,0.86944033,0.8770507200000001,8.0
0.01,0.27,0.10746838,0.00746849,0.88506314,0.87012616,0.8775946499999999,8.0
0.01,0.29,0.1072097,0.00733189,0.88545841,0.87079463,0.87812652,8.0
0.01,0.31,0.10695247,0.0072003,0.88584722,0.8714466200000001,0.87864692,8.0
0.01,0.33,0.10669667,0.00707345,0.88622988,0.8720829800000001,0.87915643,8.0
0.01,0.35,0.10644227,0.00695108,0.88660665,0.87270449,0.87965557,8.0
0.01,0.37,0.10618928,0.00683295,0.88697777,0.87331187,0.88014482,8.0
0.01,0.39,0.10593766,0.00671885,0.88734349,0.87390579,0.88062464,8.0
0.01,0.41,0.1056874,0.00660858,0.88770402,0.8744868600000001,0.8810954400000001,8.0
0.01,0.43,0.1054385,0.00650194,0.88805956,0.87505568,0.8815576199999999,8.0
0.01,0.45,0.10519093,0.00639876,0.88841031,0.87561279,0.8820115500000001,8.0
0.01,0.47,0.10494469,0.00629887,0.88875644,0.8761587,0.88245757,8.0
0.01,0.49,0.10469976,0.0062021,0.88909814,0.87669394,0.88289604,8.0
0.03,0.01,0.11096764,0.02961709,0.85941527,0.8001810899999999,0.8297981799999999,9.0
0.03,0.03,0.11068233,0.02888114,0.86043653,0.8026742499999999,0.83155539,9.0
0.03,0.05,0.11039911,0.02818243,0.86141846,0.8050536,0.83323603,9.0
0.03,0.07,0.11011794,0.0275181,0.86236395,0.80732775,0.83484585,9.0
0.03,0.09,0.10983876,0.02688563,0.86327561,0.80950435,0.83638998,9.0
0.03,0.11,0.10956152,0.0262827,0.86415578,0.8115903800000001,0.83787308,9.0
0.03,0.13,0.10928618,0.02570724,0.86500658,0.8135920999999999,0.83929934,9.0
0.03,0.15,0.10901269,0.02515737,0.86582994,0.8155152,0.8406725700000001,9.0
0.03,0.17,0.10874101,0.02463138,0.86662761,0.81736485,0.84199623,9.0
0.03,0.19,0.1084711,0.02412771,0.86740118,0.81914576,0.84327347,8.0
0.03,0.21,0.10820294,0.02364495,0.86815211,0.82086221,0.84450716,8.0
0.03,0.23,0.10793648,0.02318177,0.86888174,0.8225182,0.84569997,8.0
0.03,0.25,0.1076717,0.02273701,0.86959129,0.82411727,0.8468542800000001,8.0
0.03,0.27,0.10740857,0.02230955,0.87028189,0.82566279,0.84797234,8.0
0.03,0.29,0.10714705,0.02189838,0.87095457,0.82715781,0.84905619,8.0
0.03,0.31,0.10688713,0.02150258,0.8716103,0.82860514,0.8501077199999999,8.0
0.03,0.33,0.10662877,0.02112127,0.87224995,0.83000741,0.8511286800000001,8.0
0.03,0.35,0.10637196,0.02075368,0.87287436,0.831367,0.85212068,8.0
0.03,0.37,0.10611666,0.02039905,0.87348429,0.8326861900000001,0.8530852400000001,8.0
0.03,0.39,0.10586286,0.02005671,0.87408043,0.8339670100000001,0.85402372,8.0
0.03,0.41,0.10561054,0.019726,0.87466346,0.8352114599999999,0.8549374599999999,8.0
0.03,0.43,0.10535968,0.01940635,0.87523397,0.83642127,0.85582762,8.0
0.03,0.45,0.10511025,0.01909719,0.87579256,0.8375981800000001,0.8566953700000001,8.0
0.03,0.47,0.10486223,0.01879802,0.87633975,0.8387437099999999,0.85754173,8.0
0.03,0.49,0.10461562,0.01850834,0.87687604,0.8398593599999999,0.8583677,8.0
0.05,0.01,0.11096428,0.04934702,0.8396887,0.7409946599999999,0.7903416799999999,9.0
0.05,0.03,0.11067258,0.04809429,0.84123313,0.74504455,0.79313884,9.0
0.05,0.05,0.11038341,0.04690762,0.84270897,0.74889373,0.79580135,9.0
0.05,0.07,0.11009668,0.04578166,0.84412167,0.75255835,0.79834001,9.0
0.05,0.09,0.10981229,0.04471166,0.84547605,0.7560527300000001,0.80076439,9.0
0.05,0.11,0.10953017,0.04369338,0.84677645,0.75938969,0.80308307,9.0
0.05,0.13,0.10925025,0.04272299,0.84802676,0.76258078,0.80530377,9.0
0.05,0.15,0.10897246,0.04179707,0.84923047,0.76563633,0.8074334,9.0
0.05,0.17,0.10869674,0.04091251,0.85039075,0.76856573,0.80947824,9.0
0.05,0.19,0.10842303,0.0400665,0.85151048,0.77137748,0.81144398,8.0
0.05,0.21,0.10815128,0.03925648,0.85259224,0.77407928,0.81333576,8.0
0.05,0.23,0.10788144,0.03848012,0.85363844,0.7766782,0.81515832,8.0
0.05,0.25,0.10761347,0.03773531,0.85465122,0.7791806,0.8169159100000001,8.0
0.05,0.27,0.10734732,0.0370201,0.85563258,0.78159238,0.81861248,8.0
0.05,0.29,0.10708296,0.03633269,0.85658435,0.78391897,0.82025166,8.0
0.05,0.31,0.10682034,0.03567146,0.85750819,0.78616527,0.82183673,8.0
0.05,0.33,0.10655944,0.0350349,0.85840566,0.78833586,0.82337076,8.0
0.05,0.35,0.10630022,0.0344216,0.85927818,0.79043498,0.8248565800000001,8.0
0.05,0.37,0.10604264,0.03383029,0.86012707,0.79246649,0.82629678,8.0
0.05,0.39,0.10578668,0.03325977,0.86095356,0.79443402,0.82769379,8.0
0.05,0.41,0.10553231,0.03270893,0.86175877,0.7963409100000001,0.82904984,8.0
0.05,0.43,0.1052795,0.03217675,0.86254375,0.7981902500000001,0.8303670000000001,8.0
0.05,0.45,0.10502823,0.03166227,0.8633095,0.79998496,0.83164723,8.0
0.05,0.47,0.10477847,0.03116461,0.86405692,0.8017277,0.83289231,8.0
0.05,0.49,0.1045302,0.03068293,0.86478687,0.80342101,0.83410394,8.0
0.07,0.01,0.11096075,0.06906414,0.8199751,0.68184682,0.7509109599999999,9.0
0.07,0.03,0.11066239,0.06727223,0.82206538,0.68752092,0.7547931499999999,9.0
0.07,0.05,0.11036705,0.06557885,0.82405411,0.6928964099999999,0.75847526,9.0
0.07,0.07,0.11007456,0.06397557,0.82594987,0.69799873,0.7619743,9.0
0.07,0.09,0.10978482,0.06245495,0.82776023,0.70285033,0.76530528,9.0
0.07,0.11,0.10949771,0.06101037,0.82949192,0.7074711800000001,0.7684815500000001,9.0
0.07,0.13,0.10921311,0.05963596,0.83115093,0.71187901,0.7715149699999999,9.0
0.07,0.15,0.10893095,0.05832644,0.83274262,0.71608974,0.77441618,9.0
0.07,0.17,0.10865112,0.05707708,0.8342718,0.72011764,0.77719472,9.0
0.07,0.19,0.10837356,0.05588363,0.83574281,0.7239755499999999,0.77985918,9.0
0.07,0.21,0.1080982,0.05474223,0.83715957,0.72767511,0.78241734,8.0
0.07,0.23,0.10782495,0.0536494,0.83852565,0.73122685,0.78487625,8.0
0.07,0.25,0.10755378,0.05260195,0.83984427,0.7346403699999999,0.7872423199999999,8.0
0.07,0.27,0.10728461,0.051597,0.84111839,0.73792439,0.78952139,8.0
0.07,0.29,0.1070174,0.05063191,0.84235069,0.74108687,0.79171878,8.0
0.07,0.31,0.1067521,0.04970425,0.84354365,0.74413515,0.7938394,8.0
0.07,0.33,0.10648866,0.0488118,0.84469954,0.74707594,0.7958877400000001,8.0
0.07,0.35,0.10622704,0.04795253,0.84582044,0.74991538,0.79786791,8.0
0.07,0.37,0.10596719,0.04712454,0.84690827,0.75265919,0.79978373,8.0
0.07,0.39,0.10570909,0.04632609,0.84796482,0.75531264,0.80163873,8.0
0.07,0.41,0.10545269,0.04555559,0.84899172,0.75788054,0.80343613,8.0
0.07,0.43,0.10519796,0.04481154,0.84999051,0.7603674300000001,0.80517897,8.0
0.07,0.45,0.10494487,0.04409255,0.85096259,0.76277749,0.80687004,8.0
0.07,0.47,0.10469338,0.04339734,0.85190928,0.7651146,0.80851194,8.0
0.07,0.49,0.10444348,0.04272471,0.85283181,0.76738239,0.8101071,8.0
0.09,0.01,0.11095706,0.08876754,0.8002754,0.6227403199999999,0.71150786,9.0
0.09,0.03,0.11065175,0.08641264,0.80293561,0.63011033,0.71652297,9.0
0.09,0.05,0.11034998,0.08419288,0.80545713,0.6370713699999999,0.7212642499999999,9.0
0.09,0.07,0.11005157,0.08209602,0.80785241,0.64366037,0.7257563899999999,9.0
0.09,0.09,0.10975632,0.08011133,0.81013236,0.6499097,0.73002103,9.0
0.09,0.11,0.10946408,0.07822936,0.81230656,0.6558478400000001,0.7340772,9.0
0.09,0.13,0.10917472,0.07644178,0.8143835,0.66149994,0.73794172,9.0
0.09,0.15,0.1088881,0.07474117,0.81637073,0.66688839,0.74162956,9.0
0.09,0.17,0.10860412,0.07312092,0.81827496,0.67203312,0.74515404,9.0
0.09,0.19,0.10832266,0.0715751,0.82010223,0.67695203,0.74852713,9.0
0.09,0.21,0.10804365,0.0700984,0.82185796,0.68166116,0.75175956,8.0
0.09,0.23,0.10776698,0.06868599,0.82354702,0.68617504,0.75486103,8.0
0.09,0.25,0.10749259,0.06733355,0.82517386,0.69050676,0.7578403100000001,8.0
0.09,0.27,0.1072204,0.06603712,0.82674248,0.6946682399999999,0.76070536,8.0
0.09,0.29,0.10695035,0.0647931,0.82825655,0.69867035,0.7634634499999999,8.0
0.09,0.31,0.10668237,0.06359823,0.8297194,0.7025229399999999,0.76612117,8.0
0.09,0.33,0.1064164,0.06244951,0.83113409,0.7062350700000001,0.7686845800000001,8.0
0.09,0.35,0.10615239,0.06134418,0.83250343,0.7098150700000001,0.7711592500000001,8.0
0.09,0.37,0.1058903,0.06027972,0.83382998,0.71327054,0.7735502599999999,8.0
0.09,0.39,0.10563007,0.0592538,0.83511613,0.7166085299999999,0.7758623299999999,8.0
0.09,0.41,0.10537167,0.05826428,0.83636405,0.71983549,0.7780997700000001,8.0
0.09,0.43,0.10511504,0.05730917,0.83757579,0.72295745,0.78026662,8.0
0.09,0.45,0.10486016,0.05638664,0.83875321,0.72597993,0.78236657,8.0
0.09,0.47,0.10460698,0.05549497,0.83989805,0.72890811,0.7844030799999999,8.0
0.09,0.49,0.10435547,0.05463259,0.84101194,0.73174676,0.78637935,8.0
0.11,0.01,0.11095318,0.10845621,0.78059061,0.56367819,0.6721344,9.0
0.11,0.03,0.11064061,0.10551302,0.78384637,0.57282033,0.6783333500000001,9.0
0.11,0.05,0.11033218,0.10274626,0.78692156,0.58142904,0.6841753,9.0
0.11,0.07,0.11002763,0.10013895,0.78983342,0.58955552,0.6896944700000001,9.0
0.11,0.09,0.10972672,0.09767641,0.79259688,0.59724406,0.6949204699999999,9.0
0.11,0.11,0.10942924,0.09534581,0.79522495,0.60453333,0.6998791400000001,9.0
0.11,0.13,0.10913501,0.09313592,0.79772907,0.6114572300000001,0.70459315,9.0
0.11,0.15,0.10884387,0.09103682,0.80011931,0.61804567,0.70908249,9.0
0.11,0.17,0.10855567,0.08903973,0.8024046,0.6243251400000001,0.71336487,9.0
0.11,0.19,0.10827029,0.08713682,0.80459289,0.63031925,0.71745607,9.0
0.11,0.21,0.1079876,0.0853211,0.8066913,0.6360491,0.7213702,9.0
0.11,0.23,0.1077075,0.08358628,0.80870622,0.64153366,0.72511994,8.0
0.11,0.25,0.10742988,0.08192672,0.8106434,0.64678996,0.72871668,8.0
0.11,0.27,0.10715467,0.08033729,0.81250804,0.65183346,0.73217075,8.0
0.11,0.29,0.10688178,0.07881337,0.81430485,0.65667811,0.73549148,8.0
0.11,0.31,0.10661112,0.07735075,0.81603813,0.6613366300000001,0.73868738,8.0
0.11,0.33,0.10634265,0.07594557,0.81771178,0.66582064,0.74176621,8.0
0.11,0.35,0.10607628,0.07459433,0.81932939,0.6701407300000001,0.74473506,8.0
0.11,0.37,0.10581195,0.07329381,0.82089424,0.67430662,0.74760043,8.0
0.11,0.39,0.10554963,0.07204105,0.82240932,0.67832722,0.7503682700000001,8.0
0.11,0.41,0.10528924,0.07083334,0.82387742,0.6822107399999999,0.75304408,8.0
0.11,0.43,0.10503074,0.06966817,0.82530109,0.6859647499999999,0.7556329199999999,8.0
0.11,0.45,0.10477409,0.06854321,0.82668269,0.68959627,0.7581394800000001,8.0
0.11,0.47,0.10451924,0.06745633,0.82802442,0.69311176,0.76056809,8.0
0.11,0.49,0.10426616,0.06640553,0.82932831,0.69651725,0.7629227799999999,8.0
0.13,0.01,0.1109491,0.12812904,0.76092186,0.50466378,0.6327928199999999,9.0
0.13,0.03,0.11062894,0.12457067,0.76480039,0.51565905,0.64022972,9.0
0.13,0.05,0.11031359,0.12123524,0.76845117,0.5259806899999999,0.64721593,9.0
0.13,0.07,0.1100027,0.11810003,0.77189727,0.5356972099999999,0.65379724,9.0
0.13,0.09,0.10969597,0.11514555,0.77515848,0.54486738,0.6600129299999999,9.0
0.13,0.11,0.10939312,0.11235497,0.7782519,0.55354196,0.6658969299999999,9.0
0.13,0.13,0.10909394,0.10971367,0.7811924,0.56176506,0.67147873,9.0
0.13,0.15,0.1087982,0.10720881,0.78399299,0.56957537,0.67678418,9.0
0.13,0.17,0.10850574,0.10482912,0.78666514,0.5770069,0.68183602,9.0
0.13,0.19,0.10821639,0.10256461,0.789219,0.58408978,0.68665439,9.0
0.13,0.21,0.10793,0.10040641,0.79166358,0.59085076,0.6912571700000001,9.0
0.13,0.23,0.10764645,0.0983466,0.79400695,0.59731375,0.69566035,8.0
0.13,0.25,0.10736561,0.09637806,0.79625633,0.60350021,0.6998782699999999,8.0
0.13,0.27,0.10708738,0.0944944,0.79841822,0.6094294199999999,0.70392382,8.0
0.13,0.29,0.10681165,0.09268984,0.8004985,0.61511882,0.70780866,8.0
0.13,0.31,0.10653835,0.09095916,0.8025025,0.62058418,0.71154334,8.0
0.13,0.33,0.10626738,0.08929759,0.80443504,0.62583986,0.71513745,8.0
0.13,0.35,0.10599866,0.0877008,0.80630054,0.63089894,0.7185997399999999,8.0
0.13,0.37,0.10573214,0.08616484,0.80810302,0.63577334,0.72193818,8.0
0.13,0.39,0.10546773,0.08468608,0.80984618,0.64047402,0.7251601,8.0
0.13,0.41,0.10520539,0.0832612,0.81153341,0.64501101,0.72827221,8.0
0.13,0.43,0.10494505,0.08188712,0.81316783,0.6493935900000001,0.7312807100000001,8.0
0.13,0.45,0.10468666,0.08056103,0.81475231,0.65363025,0.73419128,8.0
0.13,0.47,0.10443018,0.07928032,0.8162895,0.65772886,0.73700918,8.0
0.13,0.49,0.10417555,0.07804257,0.81778188,0.66169674,0.7397393099999999,8.0
0.15,0.01,0.11094481,0.14778481,0.74127038,0.44570076000000003,0.59348557,9.0
0.15,0.03,0.11061671,0.14358262,0.74580067,0.45863543000000007,0.6022180500000001,9.0
0.15,0.05,0.11029417,0.13965581,0.75005001,0.47073839000000006,0.6103942,9.0
0.15,0.07,0.10997674,0.13597464,0.75404863,0.48209935,0.61807399,9.0
0.15,0.09,0.10966402,0.13251386,0.75782213,0.49279440999999996,0.62530827,9.0
0.15,0.11,0.10935568,0.12925189,0.76139243,0.50288865,0.63214054,9.0
0.15,0.13,0.10905145,0.12617013,0.76477843,0.51243817,0.6386083,9.0
0.15,0.15,0.10875105,0.1232524,0.76799655,0.52149175,0.64474415,9.0
0.15,0.17,0.10845428,0.12048457,0.77106115,0.53009201,0.65057658,9.0
0.15,0.19,0.10816093,0.11785423,0.77398484,0.53827638,0.65613061,9.0
0.15,0.21,0.10787082,0.11535038,0.77677879,0.5460780300000001,0.6614284100000001,9.0
0.15,0.23,0.10758381,0.11296327,0.77945292,0.55352638,0.6664896499999999,9.0
0.15,0.25,0.10729975,0.11068418,0.78201608,0.56064772,0.6713319,8.0
0.15,0.27,0.1070185,0.10850531,0.78447619,0.56746557,0.67597088,8.0
0.15,0.29,0.10673996,0.10641965,0.78684039,0.5740010899999999,0.68042074,8.0
0.15,0.31,0.10646401,0.10442086,0.78911512,0.5802733999999999,0.6846942599999999,8.0
0.15,0.33,0.10619057,0.10250321,0.79130622,0.5862997999999999,0.68880301,8.0
0.15,0.35,0.10591954,0.10066147,0.79341899,0.5920960500000001,0.69275752,8.0
0.15,0.37,0.10565083,0.09889091,0.79545826,0.59767644,0.69656735,8.0
0.15,0.39,0.10538438,0.09718718,0.79742844,0.60305408,0.70024126,8.0
0.15,0.41,0.10512011,0.09554632,0.79933357,0.60824093,0.7037872500000001,8.0
0.15,0.43,0.10485796,0.09396468,0.80117736,0.613248,0.7072126799999999,8.0
0.15,0.45,0.10459787,0.0924389,0.80296323,0.61808543,0.71052433,8.0
0.15,0.47,0.10433978,0.09096589,0.80469433,0.62276255,0.71372844,8.0
0.15,0.49,0.10408363,0.08954281,0.80637356,0.62728794,0.7168307500000001,8.0
0.17,0.01,0.1109403,0.16742219,0.72163752,0.38679314000000004,0.55421533,9.0
0.17,0.03,0.11060388,0.16254566,0.72685046,0.40175913999999996,0.5643047999999999,9.0
0.17,0.05,0.11027386,0.15800367,0.73172246,0.41571511999999994,0.5737187899999999,9.0
0.17,0.07,0.10994966,0.15375789,0.73629245,0.42877666999999997,0.58253456,9.0
0.17,0.09,0.1096308,0.14977618,0.74059302,0.44104066000000003,0.59081684,9.0
0.17,0.11,0.10931686,0.14603137,0.74465177,0.45258903000000006,0.5986204,9.0
0.17,0.13,0.10900748,0.14250023,0.74849229,0.46349182999999994,0.6059920599999999,9.0
0.17,0.15,0.10870236,0.13916273,0.75213491,0.47380944999999997,0.61297218,9.0
0.17,0.17,0.10840123,0.1360015,0.75559727,0.48359427,0.61959577,9.0
0.17,0.19,0.10810385,0.13300137,0.75889478,0.49289204,0.62589341,9.0
0.17,0.21,0.10781002,0.130149,0.76204099,0.5017429900000001,0.6318919900000001,9.0
0.17,0.23,0.10751954,0.12743259,0.76504787,0.5101826899999999,0.6376152799999999,9.0
0.17,0.25,0.10723226,0.12484169,0.76792606,0.51824268,0.64308437,8.0
0.17,0.27,0.10694801,0.12236694,0.77068505,0.52595117,0.64831811,8.0
0.17,0.29,0.10666667,0.12,0.77333333,0.53333333,0.65333333,8.0
0.17,0.31,0.10638811,0.11773333,0.77587857,0.54041191,0.6581452400000001,8.0
0.17,0.33,0.10611221,0.11556014,0.77832765,0.54720737,0.66276751,8.0
0.17,0.35,0.10583889,0.11347428,0.78068683,0.5537382700000001,0.66721255,8.0
0.17,0.37,0.10556803,0.11147017,0.7829618,0.5600214600000001,0.67149163,8.0
0.17,0.39,0.10529956,0.10954271,0.78515773,0.56607231,0.67561502,8.0
0.17,0.41,0.1050334,0.10768726,0.78727934,0.57190482,0.6795920799999999,8.0
0.17,0.43,0.10476947,0.10589956,0.78933096,0.57753184,0.6834314,8.0
0.17,0.45,0.1045077,0.10417571,0.79131659,0.58296517,0.68714088,8.0
0.17,0.47,0.10424804,0.1025121,0.79323987,0.58821567,0.69072777,8.0
0.17,0.49,0.10399041,0.10090542,0.79510418,0.59329334,0.69419876,8.0
0.19,0.01,0.11093553,0.18703968,0.70202479,0.3279454299999999,0.5149851099999999,9.0
0.19,0.03,0.11059041,0.1814563,0.7079533,0.34504070000000003,0.526497,9.0
0.19,0.05,0.11025261,0.17627417,0.71347321,0.36092486999999995,0.53719904,9.0
0.19,0.07,0.10992143,0.17144455,0.71863402,0.37574492,0.54718947,9.0
0.19,0.09,0.10959626,0.16692709,0.72347665,0.38962247000000005,0.5565495600000001,9.0
0.19,0.11,0.10927658,0.16268802,0.7280354,0.40265936,0.56534738,9.0
0.19,0.13,0.10896198,0.15869873,0.73233929,0.41494182999999996,0.57364056,9.0
0.19,0.15,0.10865207,0.15493481,0.73641312,0.4265435,0.58147831,9.0
0.19,0.17,0.10834655,0.15137521,0.74027825,0.43752783,0.58890304,9.0
0.19,0.19,0.10804512,0.14800167,0.74395321,0.44794987,0.5959515400000001,9.0
0.19,0.21,0.10774755,0.14479823,0.74745422,0.45785775999999995,0.6026559899999999,9.0
0.19,0.23,0.10745361,0.14175088,0.75079551,0.46729375,0.60904463,9.0
0.19,0.25,0.10716311,0.13884722,0.75398968,0.47629524,0.61514246,8.0
0.19,0.27,0.10687588,0.13607624,0.75704789,0.48489540999999997,0.62097165,8.0
0.19,0.29,0.10659175,0.13342812,0.75998013,0.49312388999999995,0.6265520099999999,8.0
0.19,0.31,0.1063106,0.13089406,0.76279534,0.50100722,0.63190128,8.0
0.19,0.33,0.10603228,0.12846615,0.76550156,0.50856926,0.63703541,8.0
0.19,0.35,0.10575669,0.12613724,0.76810606,0.51583158,0.64196882,8.0
0.19,0.37,0.10548372,0.12390086,0.77061542,0.5228137,0.64671456,8.0
0.19,0.39,0.10521327,0.12175112,0.77303561,0.52953337,0.65128449,8.0
0.19,0.41,0.10494525,0.11968266,0.77537209,0.53600677,0.65568943,8.0
0.19,0.43,0.10467957,0.11769059,0.77762983,0.54224865,0.6599392399999999,8.0
0.19,0.45,0.10441617,0.11577043,0.77981341,0.5482725500000001,0.6640429800000001,8.0
0.19,0.47,0.10415496,0.11391804,0.781927,0.55409092,0.6680089600000001,8.0
0.19,0.49,0.10389588,0.11212965,0.78397447,0.55971517,0.67184482,8.0
0.21,0.01,0.1109305,0.20663564,0.68243386,0.26916257999999993,0.47579821999999994,9.0
0.21,0.03,0.11057624,0.2003107,0.68911306,0.28849166000000004,0.48880236000000005,9.0
0.21,0.05,0.11023036,0.19446232,0.69530732,0.30638267999999996,0.500845,9.0
0.21,0.07,0.10989197,0.18902909,0.70107894,0.32302076,0.51204985,9.0
0.21,0.09,0.10956032,0.18396088,0.70647881,0.33855705,0.52251793,9.0
0.21,0.11,0.10923479,0.17921618,0.71154903,0.35311667,0.53233285,9.0
0.21,0.13,0.10891488,0.17476021,0.71632491,0.36680449,0.5415647,9.0
0.21,0.15,0.10860014,0.17056351,0.72083635,0.37970933,0.55027284,9.0
0.21,0.17,0.10829018,0.16660092,0.7251089,0.3919070599999999,0.5585079799999999,9.0
0.21,0.19,0.10798469,0.16285071,0.7291646,0.40346318000000003,0.56631389,9.0
0.21,0.21,0.10768337,0.15929404,0.73302259,0.41443451000000003,0.57372855,9.0
0.21,0.23,0.10738597,0.15591445,0.73669958,0.42487068,0.58078513,9.0
0.21,0.25,0.10709227,0.15269743,0.7402103,0.43481544,0.58751287,9.0
0.21,0.27,0.10680207,0.14963018,0.74356775,0.44430738999999997,0.59393757,8.0
0.21,0.29,0.10651519,0.14670131,0.7467835,0.45338088000000004,0.6000821900000001,8.0
0.21,0.31,0.10623147,0.14390065,0.74986788,0.46206658000000006,0.6059672300000001,8.0
0.21,0.33,0.10595077,0.1412191,0.75283013,0.47039193,0.6116110299999999,8.0
0.21,0.35,0.10567295,0.13864845,0.7556786,0.47838169999999997,0.6170301499999999,8.0
0.21,0.37,0.10539789,0.13618129,0.75842081,0.4860582299999999,0.6222395199999999,8.0
0.21,0.39,0.10512549,0.13381092,0.76106359,0.49344175,0.6272526700000001,8.0
0.21,0.41,0.10485564,0.13153123,0.76361313,0.50055067,0.6320819,8.0
0.21,0.43,0.10458826,0.12933665,0.76607509,0.50740179,0.63673844,8.0
0.21,0.45,0.10432325,0.12722211,0.76845464,0.51401042,0.6412325299999999,8.0
0.21,0.47,0.10406054,0.12518293,0.77075653,0.52039067,0.6455736,8.0
0.21,0.49,0.10380006,0.12321484,0.7729851,0.52655542,0.6497702599999999,8.0
0.23,0.01,0.11092518,0.22620825,0.66286658,0.21045007999999998,0.43665833,9.0
0.23,0.03,0.11056133,0.2191047,0.67033397,0.23212456999999992,0.4512292699999999,9.0
0.23,0.05,0.11020704,0.21256274,0.67723022,0.25210474,0.46466748,9.0
0.23,0.07,0.10986121,0.20650561,0.68363319,0.27062197,0.47712758,9.0
0.23,0.09,0.10952291,0.20087153,0.68960555,0.28786249,0.48873402,9.0
0.23,0.11,0.10919143,0.19560999,0.69519858,0.3039786,0.49958859,9.0
0.23,0.13,0.10886613,0.19067907,0.7004548,0.31909666000000003,0.5097757300000001,9.0
0.23,0.15,0.10854649,0.18604361,0.70540989,0.33332267,0.51936628,9.0
0.23,0.17,0.10823208,0.18167379,0.71009413,0.34674655,0.52842034,9.0
0.23,0.19,0.10792251,0.17754406,0.71453343,0.35944531,0.53698937,9.0
0.23,0.21,0.10761744,0.17363239,0.71875016,0.37148538000000003,0.5451177700000001,9.0
0.23,0.23,0.1073166,0.16991964,0.72276376,0.38292447999999996,0.5528441199999999,9.0
0.23,0.25,0.10701972,0.16638903,0.72659125,0.39381319000000004,0.5602022200000001,9.0
0.23,0.27,0.10672657,0.16302581,0.73024762,0.404196,0.5672218099999999,8.0
0.23,0.29,0.10643697,0.15981692,0.73374611,0.41411227,0.57392919,8.0
0.23,0.31,0.10615071,0.15675074,0.73709855,0.42359707,0.58034781,8.0
0.23,0.33,0.10586765,0.1538169,0.74031545,0.43268165,0.58649855,8.0
0.23,0.35,0.10558764,0.15100607,0.74340629,0.44139415000000004,0.59240022,8.0
0.23,0.37,0.10531053,0.14830988,0.74637959,0.44975982999999997,0.59806971,8.0
0.23,0.39,0.10503622,0.14572074,0.74924304,0.45780156,0.6035223,8.0
0.23,0.41,0.10476459,0.14323177,0.75200365,0.46554011,0.60877188,8.0
0.23,0.43,0.10449553,0.14083672,0.75466775,0.47299431,0.6138310299999999,8.0
0.23,0.45,0.10422896,0.13852988,0.75724116,0.4801814,0.61871128,8.0
0.23,0.47,0.10396479,0.13630603,0.75972918,0.48711712,0.62342315,8.0
0.23,0.49,0.10370293,0.13416039,0.76213668,0.49381590000000003,0.62797629,8.0
0.25,0.01,0.11091954,0.24575546,0.643325,0.15181408000000002,0.39756954,9.0
0.25,0.03,0.11054562,0.23783373,0.65162065,0.17595319000000004,0.41378692000000006,9.0
0.25,0.05,0.11018259,0.23056964,0.65924777,0.19810849000000003,0.42867813,9.0
0.25,0.07,0.10982907,0.22386783,0.66630309,0.21856743,0.44243526,9.0
0.25,0.09,0.10948398,0.21765275,0.67286327,0.23755777,0.45521052,9.0
0.25,0.11,0.10914641,0.21186335,0.67899023,0.25526353,0.46712688,9.0
0.25,0.13,0.10881565,0.20644957,0.68473478,0.27183564,0.47828521,9.0
0.25,0.15,0.10849108,0.20136977,0.69013915,0.28739961,0.48876938000000003,9.0
0.25,0.17,0.10817219,0.19658892,0.69523889,0.30206105000000005,0.49864997000000005,9.0
0.25,0.19,0.10785853,0.19207725,0.70006421,0.31590970999999995,0.50798696,9.0
0.25,0.21,0.10754973,0.18780925,0.70464102,0.32902251999999993,0.5168317699999999,9.0
0.25,0.23,0.10724546,0.18376282,0.70899172,0.34146608,0.5252289,9.0
0.25,0.25,0.10694542,0.17991877,0.71313581,0.35329827,0.53321704,9.0
0.25,0.27,0.10664936,0.17626024,0.7170904,0.36456992,0.5408301600000001,8.0
0.25,0.29,0.10635705,0.1727724,0.72087055,0.37532575,0.54809815,8.0
0.25,0.31,0.1060683,0.16944207,0.72448962,0.38560547999999994,0.55504755,8.0
0.25,0.33,0.10578292,0.16625756,0.72795952,0.3954444,0.56170196,8.0
0.25,0.35,0.10550075,0.16320837,0.73129088,0.40487414,0.56808251,8.0
0.25,0.37,0.10522164,0.1602851,0.73449326,0.41392306,0.57420816,8.0
0.25,0.39,0.10494545,0.15747926,0.73757529,0.42261677,0.58009603,8.0
0.25,0.41,0.10467207,0.15478316,0.74054476,0.43097844,0.5857616,8.0
0.25,0.43,0.10440139,0.15218985,0.74340877,0.4390290700000001,0.5912189200000001,8.0
0.25,0.45,0.10413329,0.14969296,0.74617375,0.44678782999999994,0.59648079,8.0
0.25,0.47,0.10386769,0.14728671,0.7488456,0.45427218,0.60155889,8.0
0.25,0.49,0.1036045,0.14496579,0.7514297,0.46149811999999996,0.60646391,8.0
0.27,0.01,0.11091356,0.26527501,0.62381143,0.09326140999999999,0.35853641999999997,9.0
0.27,0.03,0.11052905,0.2564928,0.63297814,0.11999253999999993,0.37648533999999995,9.0
0.27,0.05,0.11015692,0.24847678,0.64136629,0.14441273,0.39288951,9.0
0.27,0.07,0.10979549,0.24110913,0.64909538,0.16687712,0.40798625,9.0
0.27,0.09,0.10944342,0.23429793,0.65625865,0.18766279000000008,0.42196072000000007,9.0
0.27,0.11,0.10909968,0.22796995,0.66293037,0.20699046999999998,0.43496042,9.0
0.27,0.13,0.10876339,0.2220658,0.66917081,0.22503921,0.44710501,9.0
0.27,0.15,0.10843385,0.21653653,0.67502962,0.24195656,0.45849309,9.0
0.27,0.17,0.10811046,0.21134136,0.68054818,0.25786545999999994,0.4692068199999999,9.0
0.27,0.19,0.10779272,0.20644582,0.68576146,0.27286982000000004,0.47931564000000004,9.0
0.27,0.21,0.10748019,0.20182058,0.69069922,0.28705805999999995,0.4888786399999999,9.0
0.27,0.23,0.10717251,0.19744042,0.69538707,0.30050623,0.49794665,9.0
0.27,0.25,0.10686934,0.19328347,0.6998472,0.31328026,0.50656373,9.0
0.27,0.27,0.1065704,0.18933066,0.70409894,0.3254376199999999,0.51476828,8.0
0.27,0.29,0.10627543,0.18556526,0.70815931,0.33702878999999997,0.5225940499999999,8.0
0.27,0.31,0.10598422,0.18197248,0.7120433,0.34809834000000006,0.53007082,8.0
0.27,0.33,0.10569656,0.1785392,0.71576424,0.35868584000000003,0.53722504,8.0
0.27,0.35,0.10541228,0.17525372,0.71933401,0.36882656999999996,0.5440802899999999,8.0
0.27,0.37,0.1051312,0.17210556,0.72276324,0.37855212000000005,0.55065768,8.0
0.27,0.39,0.10485319,0.16908529,0.72606153,0.38789094999999996,0.55697624,8.0
0.27,0.41,0.1045781,0.1661844,0.72923749,0.39686869,0.56305309,8.0
0.27,0.43,0.10430583,0.16339519,0.73229898,0.40550860000000005,0.56890379,8.0
0.27,0.45,0.10403625,0.16071066,0.73525309,0.41383177000000004,0.57454243,8.0
0.27,0.47,0.10376927,0.15812441,0.73810632,0.4218575,0.57998191,8.0
0.27,0.49,0.10350478,0.15563062,0.7408646,0.42960336,0.5852339799999999,8.0
0.29,0.01,0.1109072,0.28476436,0.60432845,0.03479973000000003,0.31956409,9.0
0.29,0.03,0.11051156,0.27507644,0.614412,0.06425912,0.33933556,9.0
0.29,0.05,0.11012997,0.26627747,0.62359256,0.09103761999999993,0.35731508999999995,9.0
0.29,0.07,0.10976037,0.25822244,0.63201719,0.11557231000000001,0.37379475,9.0
0.29,0.09,0.10940118,0.25080015,0.63979867,0.13819837000000001,0.38899852,9.0
0.29,0.11,0.10905115,0.24392324,0.64702561,0.15917913,0.40310237000000004,9.0
0.29,0.13,0.10870928,0.2375217,0.65376903,0.17872562999999997,0.41624732999999997,9.0
0.29,0.15,0.10837474,0.2315384,0.66008686,0.19701006000000004,0.42854846,9.0
0.29,0.17,0.10804684,0.22592612,0.66602703,0.21417478999999995,0.44010090999999996,9.0
0.29,0.19,0.10772503,0.2206453,0.67162967,0.23033906999999998,0.45098436999999997,9.0
0.29,0.21,0.10740879,0.21566244,0.67692877,0.24560388999999994,0.46126632999999995,9.0
0.29,0.23,0.10709773,0.2109489,0.68195337,0.26005557,0.47100447,9.0
0.29,0.25,0.10679146,0.20648001,0.68672853,0.27376851,0.48024852,9.0
0.29,0.27,0.10648967,0.20223433,0.691276,0.28680734,0.48904167,9.0
0.29,0.29,0.10619209,0.19819312,0.6956148,0.29922856,0.49742168,8.0
0.29,0.31,0.10589846,0.19433987,0.69976167,0.31108193,0.5054218,8.0
0.29,0.33,0.10560857,0.19066001,0.70373142,0.3224114,0.51307141,8.0
0.29,0.35,0.10532221,0.18714056,0.70753723,0.33325611,0.52039667,8.0
0.29,0.37,0.10503921,0.18376993,0.71119086,0.343651,0.52742093,8.0
0.29,0.39,0.10475942,0.18053771,0.71470287,0.35362745,0.53416516,8.0
0.29,0.41,0.10448267,0.17743456,0.71808276,0.36321364000000006,0.5406482,8.0
0.29,0.43,0.10420885,0.17445201,0.72133914,0.37243512,0.54688713,8.0
0.29,0.45,0.10393784,0.17158237,0.7244798,0.38131506,0.55289743,8.0
0.29,0.47,0.10366951,0.16881866,0.72751183,0.38987450999999995,0.55869317,8.0
0.29,0.49,0.10340377,0.16615452,0.73044171,0.39813267,0.56428719,8.0
0.31,0.01,0.11090043,0.30422063,0.58487894,-0.023562320000000025,0.28065830999999997,9.0
0.31,0.03,0.11049307,0.29357864,0.5959283,0.008771019999999963,0.30234965999999996,9.0
0.31,0.05,0.11010164,0.28396448,0.60593389,0.03800492999999994,0.32196940999999996,9.0
0.31,0.07,0.10972363,0.27520029,0.61507608,0.0646755,0.33987579,9.0
0.31,0.09,0.10935716,0.26715218,0.62349066,0.08918629999999994,0.35633847999999996,9.0
0.31,0.11,0.10900076,0.25971647,0.63128277,0.11184983000000004,0.3715663,9.0
0.31,0.13,0.10865324,0.25281109,0.63853566,0.13291347999999992,0.38572456999999993,9.0
0.31,0.15,0.10831368,0.24636978,0.64531654,0.15257698000000003,0.39894676000000007,9.0
0.31,0.17,0.10798129,0.24033822,0.65168049,0.17100404999999996,0.41134226999999995,9.0
0.31,0.19,0.10765541,0.23467125,0.65767334,0.18833084,0.42300209,9.0
0.31,0.21,0.10733549,0.22933088,0.66333363,0.20467187000000003,0.43400275,9.0
0.31,0.23,0.10702107,0.22428482,0.6686941,0.22012445999999997,0.44440927999999996,9.0
0.31,0.25,0.10671175,0.21950539,0.67378286,0.23477208,0.45427746999999996,9.0
0.31,0.27,0.10640716,0.21496863,0.67862421,0.24868694999999996,0.46365557999999996,9.0
0.31,0.29,0.106107,0.21065369,0.6832393,0.26193192,0.47258561,8.0
0.31,0.31,0.105811,0.2065423,0.6876467,0.27456210000000003,0.48110440000000004,8.0
0.31,0.33,0.10551892,0.20261832,0.69186276,0.28662612000000004,0.48924444,8.0
0.31,0.35,0.10523054,0.19886747,0.69590199,0.29816705,0.49703452,8.0
0.31,0.37,0.10494567,0.19527701,0.69977732,0.30922330000000003,0.5045003100000001,8.0
0.31,0.39,0.10466414,0.19183554,0.70350032,0.31982923999999996,0.5116647799999999,8.0
0.31,0.41,0.10438579,0.18853283,0.70708139,0.33001573,0.51854856,8.0
0.31,0.43,0.10411047,0.18535963,0.7105299,0.33981064000000005,0.52517027,8.0
0.31,0.45,0.10383806,0.18230758,0.71385436,0.3492392,0.53154678,8.0
0.31,0.47,0.10356843,0.17936909,0.71706248,0.35832429999999993,0.5376933899999999,8.0
0.31,0.49,0.10330148,0.17653723,0.72016128,0.36708682000000004,0.54362405,8.0
0.33,0.01,0.11089321,0.32364063,0.56546616,-0.08181509999999992,0.24182553000000007,9.0
0.33,0.03,0.11047349,0.31199281,0.5775337,-0.04645191999999998,0.26554089000000003,9.0
0.33,0.05,0.11007183,0.30153004,0.58839813,-0.014661950000000035,0.28686808999999996,9.0
0.33,0.07,0.10968518,0.2920348,0.59828002,0.014210420000000057,0.30624522000000004,9.0
0.33,0.09,0.10931128,0.28334649,0.60734223,0.04064924999999997,0.32399574,9.0
0.33,0.11,0.10894841,0.27534269,0.6157089,0.06502352,0.34036621,9.0
0.33,0.13,0.10859522,0.26792769,0.62347709,0.08762170999999996,0.35554939999999996,9.0
0.33,0.15,0.10825063,0.26102505,0.63072432,0.10867422000000004,0.36969927,9.0
0.33,0.17,0.10791374,0.25457267,0.6375136,0.12836826,0.38294093,9.0
0.33,0.19,0.10758382,0.24851928,0.6438969,0.14685833999999998,0.39537762,9.0
0.33,0.21,0.10726026,0.24282206,0.64991768,0.16427356000000004,0.40709562000000005,9.0
0.33,0.23,0.10694253,0.23744482,0.65561265,0.18072301000000002,0.41816783,9.0
0.33,0.25,0.10663019,0.23235667,0.66101314,0.19629980000000002,0.42865647,9.0
0.33,0.27,0.10632284,0.22753103,0.66614613,0.21108407,0.43861510000000004,9.0
0.33,0.29,0.10602016,0.22294482,0.67103502,0.22514538000000006,0.44809020000000005,8.0
0.33,0.31,0.10572184,0.2185779,0.67570026,0.23854446000000007,0.45712236000000006,8.0
0.33,0.33,0.10542762,0.21441255,0.68015982,0.25133471999999996,0.46574726999999994,8.0
0.33,0.35,0.10513727,0.21043313,0.6844296,0.26356334,0.47399647,8.0
0.33,0.37,0.10485058,0.20662571,0.68852371,0.27527229000000003,0.48189800000000005,8.0
0.33,0.39,0.10456736,0.20297787,0.69245477,0.28649903,0.4894769,8.0
0.33,0.41,0.10428744,0.19947848,0.69623408,0.29727711999999995,0.49675559999999996,8.0
0.33,0.43,0.10401067,0.19611751,0.69987182,0.30763680000000004,0.50375431,8.0
0.33,0.45,0.10373691,0.19288589,0.70337721,0.31760542999999997,0.51049132,8.0
0.33,0.47,0.10346603,0.1897754,0.70675856,0.32720776,0.51698316,8.0
0.33,0.49,0.10319792,0.18677859,0.71002349,0.33646631,0.5232449,8.0
0.35,0.01,0.1108855,0.34302072,0.54609378,-0.13994766000000003,0.20307305999999997,9.0
0.35,0.03,0.11045276,0.33031171,0.55923553,-0.10138788999999993,0.22892382000000006,9.0
0.35,0.05,0.11004046,0.31896582,0.57099372,-0.06693791999999998,0.2520279,9.0
0.35,0.07,0.10964492,0.30871763,0.58163745,-0.03579781000000004,0.27291982,9.0
0.35,0.09,0.10926345,0.29937524,0.59136131,-0.007389169999999945,0.29198607000000004,9.0
0.35,0.11,0.10889405,0.29079474,0.60031121,0.018721729999999992,0.30951647,9.0
0.35,0.13,0.10853515,0.28286509,0.60859976,0.042869580000000074,0.32573467000000006,9.0
0.35,0.15,0.10818551,0.27549856,0.61631593,0.06531880999999995,0.34081736999999995,9.0
0.35,0.17,0.10784414,0.26862449,0.62353136,0.08628237999999999,0.35490687,9.0
0.35,0.19,0.10751022,0.26218505,0.63030473,0.10593463000000003,0.36811968,9.0
0.35,0.21,0.10718305,0.25613222,0.63668473,0.12442028999999999,0.38055251,9.0
0.35,0.23,0.10686206,0.25042564,0.6427123,0.14186102,0.39228666,9.0
0.35,0.25,0.10654675,0.24503107,0.64842218,0.15836003999999998,0.40339110999999994,9.0
0.35,0.27,0.10623671,0.23991913,0.65384417,0.17400590999999993,0.41392503999999997,9.0
0.35,0.29,0.10593155,0.23506445,0.659004,0.18887510000000002,0.42393955000000005,8.0
0.35,0.31,0.10563097,0.23044494,0.66392409,0.20303421,0.43347915,8.0
0.35,0.33,0.10533466,0.22604126,0.66862407,0.21654155000000003,0.44258281,8.0
0.35,0.35,0.10504239,0.22183634,0.67312127,0.22944859,0.45128493000000003,8.0
0.35,0.37,0.10475393,0.21781505,0.67743102,0.24180091999999997,0.45961597,8.0
0.35,0.39,0.10446907,0.21396392,0.681567,0.25363916000000003,0.46760308000000006,8.0
0.35,0.41,0.10418764,0.21027091,0.68554145,0.26499963,0.47527054,8.0
0.35,0.43,0.10390947,0.20672518,0.68936535,0.27591498999999997,0.48264017,8.0
0.35,0.45,0.10363441,0.20331696,0.69304863,0.2864147100000001,0.48973167000000006,8.0
0.35,0.47,0.10336232,0.20003741,0.69660027,0.29652545,0.49656286000000005,8.0
0.35,0.49,0.10309309,0.1968785,0.70002842,0.30627141999999996,0.50314992,8.0
0.37,0.01,0.11087724,0.36235678,0.52676598,-0.19794758,0.16440919999999998,9.0
0.37,0.03,0.11043075,0.34852739,0.54104186,-0.15601292,0.19251447,9.0
0.37,0.05,0.11000741,0.33626284,0.55372975,-0.11879593,0.21746691,9.0
0.37,0.07,0.10960274,0.32523999,0.56515727,-0.08532270999999991,0.23991728000000007,9.0
0.37,0.09,0.10921358,0.31523031,0.57555611,-0.05490451000000007,0.26032579999999994,9.0
0.37,0.11,0.10883758,0.30606534,0.58509709,-0.027033590000000052,0.27903174999999997,9.0
0.37,0.13,0.10847295,0.29761684,0.59391021,-0.0013234699999999933,0.29629337,9.0
0.37,0.15,0.10811829,0.28978463,0.60209708,0.022527819999999976,0.31231244999999996,9.0
0.37,0.17,0.10777246,0.28248877,0.60973877,0.044761229999999985,0.32725,9.0
0.37,0.19,0.10743457,0.2756643,0.61690113,0.06557253000000007,0.34123683000000005,9.0
0.37,0.21,0.10710384,0.26925768,0.62363849,0.08512313000000005,0.35438081000000005,9.0
0.37,0.23,0.10677964,0.26322414,0.62999623,0.10354795000000006,0.36677209000000005,9.0
0.37,0.25,0.10646142,0.25752588,0.6360127,0.12096094000000002,0.37848682,9.0
0.37,0.27,0.10614873,0.25213065,0.64172062,0.13745931999999994,0.38958996999999995,9.0
0.37,0.29,0.10584116,0.24701066,0.64714817,0.15312685000000004,0.40013751000000003,8.0
0.37,0.31,0.10553837,0.24214184,0.65231979,0.16803610999999996,0.41017794999999996,8.0
0.37,0.33,0.10524004,0.23750312,0.65725684,0.18225059999999993,0.41975371999999994,8.0
0.37,0.35,0.10494591,0.23307602,0.66197807,0.19582602999999998,0.42890205,8.0
0.37,0.37,0.10465573,0.22884417,0.66650011,0.20881176999999995,0.43765593999999997,8.0
0.37,0.39,0.10436929,0.22479303,0.67083769,0.22125163000000003,0.44604466000000004,8.0
0.37,0.41,0.10408639,0.22090962,0.67500399,0.23318475,0.45409436999999997,8.0
0.37,0.43,0.10380687,0.2171823,0.67901084,0.24464624000000001,0.46182854,8.0
0.37,0.45,0.10353055,0.21360058,0.68286886,0.2556677,0.46926828,8.0
0.37,0.47,0.10325731,0.210155,0.68658769,0.26627768999999996,0.47643269,8.0
0.37,0.49,0.102987,0.20683695,0.69017605,0.27650215000000006,0.4833391,8.0
0.39,0.01,0.11086837,0.38164415,0.50748748,-0.25580082000000004,0.12584332999999998,9.0
0.39,0.03,0.11040738,0.3666311,0.52296152,-0.21030068000000002,0.15633041999999997,9.0
0.39,0.05,0.10997257,0.3534115,0.53661593,-0.17020707000000002,0.18320442999999997,9.0
0.39,0.07,0.10955855,0.34159265,0.5488488,-0.13433649999999997,0.20725615000000003,9.0
0.39,0.09,0.10916157,0.33090328,0.55993514,-0.10187142000000005,0.22903185999999998,9.0
0.39,0.11,0.10877892,0.32114701,0.57007406,-0.07221995999999997,0.24892705000000004,9.0
0.39,0.13,0.10840856,0.31217642,0.57941502,-0.04493782000000002,0.2672386,9.0
0.39,0.15,0.10804888,0.30387764,0.58807347,-0.019681810000000022,0.28419583,9.0
0.39,0.17,0.10769865,0.29616065,0.5961407,0.0038193999999999173,0.29998004999999994,9.0
0.39,0.19,0.10735683,0.28895288,0.60369029,0.025784529999999917,0.31473740999999994,9.0
0.39,0.21,0.1070226,0.28219489,0.61078251,0.04639272999999999,0.32858761999999997,9.0
0.39,0.23,0.10669524,0.2758373,0.61746746,0.06579285999999995,0.34163015999999996,9.0
0.39,0.25,0.10637418,0.26983858,0.62378724,0.08411007999999998,0.35394865999999997,9.0
0.39,0.27,0.1060589,0.26416346,0.62977764,0.10145072,0.36561418,9.0
0.39,0.29,0.10574898,0.25878169,0.63546933,0.11790595000000004,0.37668764000000005,8.0
0.39,0.31,0.10544404,0.25366711,0.64088885,0.13355463,0.38722174,8.0
0.39,0.33,0.10514375,0.24879695,0.64605931,0.14846541000000008,0.39726236000000004,8.0
0.39,0.35,0.10484781,0.24415122,0.65100097,0.16269853,0.40684975,8.0
0.39,0.37,0.10455597,0.23971232,0.65573171,0.17630706999999995,0.41601939,8.0
0.39,0.39,0.104268,0.23546462,0.66026737,0.18933813,0.42480275,8.0
0.39,0.41,0.1039837,0.23139421,0.6646221,0.20183368000000002,0.43322789,8.0
0.39,0.43,0.10370287,0.22748861,0.66880852,0.2138313,0.44131991000000004,8.0
0.39,0.45,0.10342536,0.22373663,0.67283801,0.22536475,0.44910138,8.0
0.39,0.47,0.103151,0.22012816,0.67672084,0.23646452,0.45659268,8.0
0.39,0.49,0.10287966,0.21665404,0.6804663,0.24715821999999998,0.46381226,8.0
0.41,0.01,0.11085884,0.40087748,0.48826368,-0.31349128000000004,0.08738619999999997,10.0
0.41,0.03,0.11038252,0.3846132,0.50500428,-0.26422212,0.12039107999999998,9.0
0.41,0.05,0.10993582,0.3704015,0.51966268,-0.22114031999999995,0.14926118000000005,9.0
0.41,0.07,0.10951222,0.35776592,0.53272186,-0.18280998000000004,0.17495593999999998,9.0
0.41,0.09,0.10910733,0.3463855,0.54450717,-0.14826382999999999,0.19812167000000003,9.0
0.41,0.11,0.108718,0.33603221,0.5552498,-0.11681461999999998,0.21921759000000002,9.0
0.41,0.13,0.1083419,0.32653731,0.56512079,-0.08795383000000001,0.23858348000000001,9.0
0.41,0.15,0.10797725,0.317772,0.57425075,-0.061293249999999966,0.25647875000000003,9.0
0.41,0.17,0.10762265,0.30963537,0.58274198,-0.03652876000000005,0.27310660999999997,9.0
0.41,0.19,0.10727697,0.30204675,0.59067628,-0.013417219999999896,0.2886295300000001,9.0
0.41,0.21,0.10693929,0.29494046,0.59812025,0.00823932999999999,0.30317979,9.0
0.41,0.23,0.10660885,0.28826226,0.60512889,0.028604370000000046,0.31686663000000004,9.0
0.41,0.25,0.10628501,0.28196677,0.61174823,0.04781469000000005,0.32978146,9.0
0.41,0.27,0.10596721,0.27601558,0.6180172,0.06598604000000008,0.34200162000000006,9.0
0.41,0.29,0.10565501,0.2703759,0.62396909,0.08321729,0.35359319,9.0
0.41,0.31,0.10534798,0.26501945,0.62963257,0.09959366999999997,0.36461311999999996,8.0
0.41,0.33,0.10504579,0.25992168,0.63503253,0.11518917000000006,0.37511085000000005,8.0
0.41,0.35,0.10474811,0.25506113,0.64019077,0.13006850999999997,0.38512964,8.0
0.41,0.37,0.10445467,0.25041889,0.64512644,0.14428865999999996,0.39470754999999996,8.0
0.41,0.39,0.10416523,0.24597827,0.6498565,0.15789995999999995,0.40387822999999995,8.0
0.41,0.41,0.10387957,0.24172439,0.65439604,0.17094725999999993,0.41267164999999995,8.0
0.41,0.43,0.1035975,0.23764397,0.65875854,0.18347059999999998,0.42111456999999997,8.0
0.41,0.45,0.10331883,0.23372507,0.6629561,0.19550596000000003,0.42923103000000007,8.0
0.41,0.47,0.10304341,0.22995697,0.66699963,0.20708568999999993,0.4370426599999999,8.0
0.41,0.49,0.10277109,0.22632992,0.67089899,0.21823915,0.44456907,8.0
0.43,0.01,0.11084856,0.42005069,0.46910076,-0.37100062,0.04905007,10.0
0.43,0.03,0.11035605,0.40246313,0.48718083,-0.31774543,0.0847177,9.0
0.43,0.05,0.10989703,0.38722185,0.50288112,-0.27156258,0.11565926999999998,9.0
0.43,0.07,0.10946365,0.37374967,0.51678667,-0.23071266999999995,0.14303700000000003,9.0
0.43,0.09,0.10905076,0.36166807,0.52928118,-0.19405496,0.16761311,9.0
0.43,0.11,0.10865472,0.35071325,0.54063202,-0.16079447999999996,0.18991877000000001,9.0
0.43,0.13,0.10827292,0.34069299,0.5510341,-0.13035187999999998,0.21034111,9.0
0.43,0.15,0.10790334,0.33146218,0.56063448,-0.10228987999999994,0.22917230000000005,9.0
0.43,0.17,0.10754443,0.32290829,0.56954728,-0.07626929999999998,0.24663899,9.0
0.43,0.19,0.10719495,0.31494201,0.57786304,-0.052020979999999994,0.26292103,9.0
0.43,0.21,0.1068539,0.30749113,0.58565497,-0.029327290000000006,0.27816384,9.0
0.43,0.23,0.10652044,0.30049633,0.59298323,-0.008009429999999984,0.2924869,9.0
0.43,0.25,0.10619389,0.29390822,0.59989789,0.012081450000000049,0.30598967000000005,9.0
0.43,0.27,0.10587365,0.28768519,0.60644116,0.031070780000000076,0.31875597000000006,9.0
0.43,0.29,0.10555923,0.28179182,0.61264895,0.04906530999999992,0.33085712999999994,9.0
0.43,0.31,0.10525019,0.27619768,0.61855213,0.06615676999999998,0.34235445,8.0
0.43,0.33,0.10494616,0.27087641,0.62417743,0.08242461000000001,0.35330102,8.0
0.43,0.35,0.1046468,0.26580505,0.62954816,0.09793806000000005,0.36374311000000004,8.0
0.43,0.37,0.10435182,0.2609634,0.63468478,0.11275797999999992,0.37372137999999994,8.0
0.43,0.39,0.10406097,0.25633366,0.63960537,0.1269380499999999,0.38327170999999993,8.0
0.43,0.41,0.10377401,0.25190001,0.64432598,0.14052595999999995,0.39242596999999996,8.0
0.43,0.43,0.10349074,0.24764833,0.64886092,0.15356425999999995,0.40121259,8.0
0.43,0.45,0.10321098,0.24356599,0.65322304,0.16609105999999996,0.40965704999999997,8.0
0.43,0.47,0.10293454,0.23964159,0.65742387,0.17814069000000005,0.41778228000000006,8.0
0.43,0.49,0.10266129,0.23586486,0.66147385,0.18974413,0.42560899,8.0
0.45,0.01,0.11083744,0.43915676,0.4500058,-0.42830771999999995,0.010849040000000032,10.0
0.45,0.03,0.11032782,0.42016922,0.46950297,-0.37083547,0.04933375000000001,9.0
0.45,0.05,0.10985606,0.40386081,0.48628314,-0.32143848,0.08242232999999999,9.0
0.45,0.07,0.10941272,0.38953337,0.50105391,-0.27801283,0.11152054,9.0
0.45,0.09,0.10899175,0.37674188,0.51426637,-0.23921738999999997,0.13752449,9.0
0.45,0.11,0.10858901,0.36518246,0.52622853,-0.20413638999999995,0.16104607000000004,9.0
0.45,0.13,0.10820154,0.35463698,0.53716148,-0.17211248,0.18252449999999998,9.0
0.45,0.15,0.10782708,0.3449428,0.54723012,-0.14265547999999995,0.20228732000000005,9.0
0.45,0.17,0.10746394,0.33597492,0.55656114,-0.11538870000000001,0.22058622,9.0
0.45,0.19,0.10711074,0.32763494,0.56525432,-0.09001556,0.23761938,9.0
0.45,0.21,0.10676639,0.31984382,0.57338979,-0.06629784999999999,0.25354597,9.0
0.45,0.23,0.10643,0.31253697,0.58103302,-0.04404092000000004,0.26849605,9.0
0.45,0.25,0.10610082,0.30566088,0.5882383,-0.023083460000000056,0.28257741999999997,9.0
0.45,0.27,0.10577821,0.29917063,0.59505115,-0.0032901100000000127,0.29588052,9.0
0.45,0.29,0.10546165,0.29302814,0.60151021,0.01545393000000006,0.30848207000000005,9.0
0.45,0.31,0.10515067,0.28720078,0.60764856,0.03324700000000003,0.32044778,8.0
0.45,0.33,0.10484486,0.28166038,0.61349476,0.05017400000000005,0.33183438000000004,8.0
0.45,0.35,0.10454389,0.27638244,0.61907367,0.06630879,0.34269123,8.0
0.45,0.37,0.10424744,0.27134549,0.62440708,0.08171609999999996,0.35306159,8.0
0.45,0.39,0.10395523,0.26653059,0.62951417,0.09645298999999996,0.36298358,8.0
0.45,0.41,0.10366704,0.261921,0.63441196,0.11056995999999997,0.37249096,8.0
0.45,0.43,0.10338263,0.25750177,0.6391156,0.12411205999999997,0.38161383,8.0
0.45,0.45,0.10310182,0.25325953,0.64363865,0.13711958999999996,0.39037911999999997,8.0
0.45,0.47,0.10282442,0.24918229,0.64799329,0.14962871000000005,0.398811,8.0
0.45,0.49,0.10255028,0.2452592,0.65219052,0.16167211999999997,0.40693132,8.0
0.47,0.01,0.1108254,0.45818764,0.43098696,-0.48538832000000004,-0.027200680000000033,10.0
0.47,0.03,0.11029768,0.43771869,0.45198363,-0.42345375,0.014264940000000004,9.0
0.47,0.05,0.10981276,0.4203059,0.46988134,-0.37073046000000004,0.04957543999999997,9.0
0.47,0.07,0.10935929,0.40510607,0.48553464,-0.32467749999999995,0.08042857000000003,9.0
0.47,0.09,0.1089302,0.39159769,0.49947211,-0.28372326999999997,0.10787442000000003,9.0
0.47,0.11,0.10852079,0.3794321,0.51204711,-0.24681708999999996,0.13261501000000003,9.0
0.47,0.13,0.1081277,0.3683629,0.5235094,-0.21321639999999997,0.15514650000000002,9.0
0.47,0.15,0.10774845,0.35820857,0.53404298,-0.18237416000000006,0.17583440999999994,9.0
0.47,0.17,0.10738115,0.34883092,0.54378794,-0.1538739,0.19495701999999998,9.0
0.47,0.19,0.10702431,0.340122,0.55285369,-0.12739031,0.21273168999999997,9.0
0.47,0.21,0.10667676,0.33199565,0.56132759,-0.10266370999999996,0.22933194,9.0
0.47,0.23,0.10633752,0.32438186,0.56928062,-0.07948310000000003,0.24489876,9.0
0.47,0.25,0.10600579,0.31722288,0.57677134,-0.057674420000000004,0.25954846,9.0
0.47,0.27,0.10568089,0.31047043,0.58384868,-0.03709218000000003,0.27337825,9.0
0.47,0.29,0.10536226,0.30408371,0.59055402,-0.0176134,0.28647031,9.0
0.47,0.31,0.10504941,0.2980279,0.5969227,0.0008669000000000038,0.2988948,8.0
0.47,0.33,0.10474191,0.29227297,0.60298513,0.01843918999999994,0.31071215999999996,8.0
0.47,0.35,0.10443938,0.2867929,0.60876772,0.03518191999999998,0.32197482,8.0
0.47,0.37,0.10414152,0.28156491,0.61429357,0.05116374999999995,0.33272865999999995,8.0
0.47,0.39,0.10384803,0.27656899,0.61958298,0.06644499999999998,0.34301399,8.0
0.47,0.41,0.10355865,0.27178742,0.62465393,0.08107909000000002,0.35286651,8.0
0.47,0.43,0.10327317,0.26720444,0.62952239,0.09511351000000001,0.36231795,8.0
0.47,0.45,0.10299136,0.26280599,0.63420265,0.10859067,0.37139666,8.0
0.47,0.47,0.10271305,0.25857942,0.63870753,0.12154869000000001,0.38012811,8.0
0.47,0.49,0.10243807,0.25451335,0.64304857,0.13402187,0.38853522,8.0
0.49,0.01,0.1108123,0.47713399,0.41205371,-0.54221427,-0.06508027999999999,10.0
0.49,0.03,0.11026546,0.45509751,0.43463704,-0.47555798,-0.02046047000000001,10.0
0.49,0.05,0.10976698,0.43654392,0.4536891,-0.41939873999999994,0.017145180000000038,9.0
0.49,0.07,0.10930323,0.42045647,0.47024029,-0.37067265000000005,0.04978381999999998,9.0
0.49,0.09,0.10886602,0.40622612,0.48490785,-0.3275443900000001,0.07868172999999995,9.0
0.49,0.11,0.10844998,0.3934545,0.49809553,-0.28881346999999996,0.10464103000000002,9.0
0.49,0.13,0.10805134,0.3818645,0.51008416,-0.25364484,0.12821966,9.0
0.49,0.15,0.10766737,0.37125442,0.52107821,-0.22143062999999996,0.14982379,9.0
0.49,0.17,0.10729601,0.36147217,0.53123182,-0.19171251999999994,0.16975965000000004,9.0
0.49,0.19,0.10693564,0.35239984,0.54066452,-0.16413516000000006,0.18826467999999996,9.0
0.49,0.21,0.10658497,0.34394394,0.54947109,-0.13841678999999996,0.20552715000000005,9.0
0.49,0.23,0.10624297,0.33602886,0.55772817,-0.11432955,0.22169930999999998,9.0
0.49,0.25,0.10590878,0.32859254,0.56549868,-0.09168639999999995,0.23690614000000004,9.0
0.49,0.27,0.10558168,0.32158329,0.57283502,-0.07033156000000007,0.25125172999999995,9.0
0.49,0.29,0.10526107,0.31495758,0.57978135,-0.050133810000000056,0.26482376999999996,9.0
0.49,0.31,0.10494642,0.30867833,0.58637525,-0.030981409999999987,0.27769692,8.0
0.49,0.33,0.10463729,0.30271371,0.59264899,-0.012778430000000007,0.28993528,8.0
0.49,0.35,0.1043333,0.29703615,0.59863055,0.004558249999999986,0.3015944,8.0
0.49,0.37,0.10403409,0.29162158,0.60434433,0.021101170000000002,0.31272275,8.0
0.49,0.39,0.10373937,0.28644889,0.60981173,0.03691394999999997,0.32336284,8.0
0.49,0.41,0.10344888,0.28149943,0.61505169,0.05205283000000005,0.33355226000000004,8.0
0.49,0.43,0.10316236,0.27675663,0.62008101,0.06656775000000004,0.34332438000000004,8.0
0.49,0.45,0.10287962,0.2722057,0.62491468,0.08050327999999995,0.35270897999999995,8.0
0.49,0.47,0.10260045,0.26783341,0.62956614,0.09389932000000001,0.36173273,8.0
0.49,0.49,0.10232469,0.26362783,0.63404749,0.10679183000000003,0.37041966000000004,8.0
