"bot_type","pi1","pi2","N","lambda","parameter","stat.value","sv.sd"
"kilombo",0.3,0.3,5,0.3,"f0",0.194694444444444,0.176432671254681
"kilombo",0.3,0.3,5,0.3,"f1",0.326965277777778,0.223885270244296
"kilombo",0.3,0.3,5,0.3,"f2",0.478340277777778,0.237626072636846
"kilombo",0.3,0.3,5,0.3,"Q",-0.175590277777778,0.638662008900231
"kilombo",0.3,0.3,5,0.6,"f0",0.251652777777778,0.196716097689813
"kilombo",0.3,0.3,5,0.6,"f1",0.275604166666667,0.226245831351729
"kilombo",0.3,0.3,5,0.6,"f2",0.472743055555556,0.252687440710536
"kilombo",0.3,0.3,5,0.6,"Q",-0.0784652777777778,0.649061968630203
"kilombo",0.3,0.3,5,0.9,"f0",0.460645833333333,0.25320309832975
"kilombo",0.3,0.3,5,0.9,"f1",0.190972222222222,0.220732799501846
"kilombo",0.3,0.3,5,0.9,"f2",0.348381944444444,0.270884480876298
"kilombo",0.3,0.3,5,0.9,"Q",-0.0335625,0.619878536962546
"kilombo",0.3,0.3,6,0.3,"f0",0.188163986354776,0.159605324664235
"kilombo",0.3,0.3,6,0.3,"f1",0.318555068226121,0.204726071640459
"kilombo",0.3,0.3,6,0.3,"f2",0.493280945419103,0.218541922008939
"kilombo",0.3,0.3,6,0.3,"Q",-0.143829191033138,0.586353632341218
"kilombo",0.3,0.3,6,0.6,"f0",0.238054337231969,0.176324027357546
"kilombo",0.3,0.3,6,0.6,"f1",0.27724171539961,0.211214618339119
"kilombo",0.3,0.3,6,0.6,"f2",0.484703947368421,0.232144374357952
"kilombo",0.3,0.3,6,0.6,"Q",-0.0697794834307992,0.60593926790711
"kilombo",0.3,0.3,6,0.9,"f0",0.42177753411306,0.228231405191437
"kilombo",0.3,0.3,6,0.9,"f1",0.196430311890838,0.216466806579259
"kilombo",0.3,0.3,6,0.9,"f2",0.381792153996101,0.262555383714699
"kilombo",0.3,0.3,6,0.9,"Q",-0.011068469785575,0.619495044391105
"kilombo",0.3,0.3,7,0.3,"f0",0.183377425044092,0.14712465436763
"kilombo",0.3,0.3,7,0.3,"f1",0.321378968253968,0.191159668744888
"kilombo",0.3,0.3,7,0.3,"f2",0.49524360670194,0.205472296048724
"kilombo",0.3,0.3,7,0.3,"Q",-0.147514329805996,0.550106698025889
"kilombo",0.3,0.3,7,0.6,"f0",0.223010361552028,0.160222597062349
"kilombo",0.3,0.3,7,0.6,"f1",0.28220348324515,0.200063187947609
"kilombo",0.3,0.3,7,0.6,"f2",0.494786155202822,0.222986056754035
"kilombo",0.3,0.3,7,0.6,"Q",-0.0696208112874779,0.581358287402782
"kilombo",0.3,0.3,7,0.9,"f0",0.371544312169312,0.204129207297615
"kilombo",0.3,0.3,7,0.9,"f1",0.203698192239859,0.210616370388659
"kilombo",0.3,0.3,7,0.9,"f2",0.424757495590829,0.252866313573459
"kilombo",0.3,0.3,7,0.9,"Q",0.0173611111111111,0.612080210373562
"kilombo",0.3,0.3,8,0.3,"f0",0.180371732026144,0.135735791611253
"kilombo",0.3,0.3,8,0.3,"f1",0.317560253267974,0.181722669036595
"kilombo",0.3,0.3,8,0.3,"f2",0.502068014705882,0.196087328192328
"kilombo",0.3,0.3,8,0.3,"Q",-0.133052491830065,0.525966806210101
"kilombo",0.3,0.3,8,0.6,"f0",0.208460988562091,0.14472394385519
"kilombo",0.3,0.3,8,0.6,"f1",0.270450367647059,0.188816274267318
"kilombo",0.3,0.3,8,0.6,"f2",0.52108864379085,0.208363983352494
"kilombo",0.3,0.3,8,0.6,"Q",-0.019812091503268,0.549787341973878
"kilombo",0.3,0.3,8,0.9,"f0",0.316309232026144,0.184340623036335
"kilombo",0.3,0.3,8,0.9,"f1",0.196272467320261,0.204102407898492
"kilombo",0.3,0.3,8,0.9,"f2",0.487418300653595,0.248221735240981
"kilombo",0.3,0.3,8,0.9,"Q",0.0948733660130719,0.605661552680256
"kilombo",0.3,0.3,9,0.3,"f0",0.176697530864198,0.128067569889258
"kilombo",0.3,0.3,9,0.3,"f1",0.327755083514887,0.171409870591463
"kilombo",0.3,0.3,9,0.3,"f2",0.495547385620915,0.182067122421421
"kilombo",0.3,0.3,9,0.3,"Q",-0.15996278140886,0.492880075376215
"kilombo",0.3,0.3,9,0.6,"f0",0.199310094408134,0.133607844502754
"kilombo",0.3,0.3,9,0.6,"f1",0.280469317356572,0.183189620240178
"kilombo",0.3,0.3,9,0.6,"f2",0.520220588235294,0.201596532886236
"kilombo",0.3,0.3,9,0.6,"Q",-0.0407180464778504,0.536257396939522
"kilombo",0.3,0.3,9,0.9,"f0",0.292842229484386,0.167253076974523
"kilombo",0.3,0.3,9,0.9,"f1",0.203417755991285,0.206981584180196
"kilombo",0.3,0.3,9,0.9,"f2",0.503740014524328,0.246913900352719
"kilombo",0.3,0.3,9,0.9,"Q",0.0969045025417574,0.61967773575121
"kilombo",0.3,0.3,10,0.3,"f0",0.1719140625,0.119527766694119
"kilombo",0.3,0.3,10,0.3,"f1",0.3258984375,0.162553787315847
"kilombo",0.3,0.3,10,0.3,"f2",0.5021875,0.174030054633661
"kilombo",0.3,0.3,10,0.3,"Q",-0.149609375,0.469923406897307
"kilombo",0.3,0.3,10,0.6,"f0",0.188107638888889,0.126449492162389
"kilombo",0.3,0.3,10,0.6,"f1",0.265160590277778,0.176323799548589
"kilombo",0.3,0.3,10,0.6,"f2",0.546731770833333,0.195905602949187
"kilombo",0.3,0.3,10,0.6,"Q",0.0164105902777778,0.519325101827272
"kilombo",0.3,0.3,10,0.9,"f0",0.2526171875,0.148368470322941
"kilombo",0.3,0.3,10,0.9,"f1",0.176506076388889,0.19703879467623
"kilombo",0.3,0.3,10,0.9,"f2",0.570876736111111,0.236855337646042
"kilombo",0.3,0.3,10,0.9,"Q",0.217864583333333,0.597679401173482
"kilombo",0.3,0.3,11,0.3,"f0",0.169385258838384,0.112656122724363
"kilombo",0.3,0.3,11,0.3,"f1",0.320628156565657,0.154736370487035
"kilombo",0.3,0.3,11,0.3,"f2",0.50998658459596,0.164863320040875
"kilombo",0.3,0.3,11,0.3,"Q",-0.131269728535354,0.447008954070422
"kilombo",0.3,0.3,11,0.6,"f0",0.181376262626263,0.116243900518212
"kilombo",0.3,0.3,11,0.6,"f1",0.278109217171717,0.176015148546742
"kilombo",0.3,0.3,11,0.6,"f2",0.54051452020202,0.192711902147885
"kilombo",0.3,0.3,11,0.6,"Q",-0.0157039141414141,0.519881080614194
"kilombo",0.3,0.3,11,0.9,"f0",0.228847064393939,0.135022466333005
"kilombo",0.3,0.3,11,0.9,"f1",0.16322601010101,0.185971458687367
"kilombo",0.3,0.3,11,0.9,"f2",0.60792692550505,0.222441234628485
"kilombo",0.3,0.3,11,0.9,"Q",0.28147490530303,0.565234886076294
"kilombo",0.3,0.3,12,0.3,"f0",0.16591796875,0.107541966940158
"kilombo",0.3,0.3,12,0.3,"f1",0.320446325231481,0.15104694322219
"kilombo",0.3,0.3,12,0.3,"f2",0.513635706018518,0.161283569585957
"kilombo",0.3,0.3,12,0.3,"Q",-0.127256944444444,0.43794713663758
"kilombo",0.3,0.3,12,0.6,"f0",0.174616608796296,0.110752566374837
"kilombo",0.3,0.3,12,0.6,"f1",0.271936487268518,0.169621347860579
"kilombo",0.3,0.3,12,0.6,"f2",0.553446903935185,0.186226202328334
"kilombo",0.3,0.3,12,0.6,"Q",0.00957392939814816,0.50213219701978
"kilombo",0.3,0.3,12,0.9,"f0",0.208228443287037,0.123946875133595
"kilombo",0.3,0.3,12,0.9,"f1",0.178927951388889,0.191824573308884
"kilombo",0.3,0.3,12,0.9,"f2",0.612843605324074,0.225027727902088
"kilombo",0.3,0.3,12,0.9,"Q",0.254987702546296,0.584779258194385
"kilombo",0.3,0.3,13,0.3,"f0",0.163404780982906,0.102740510044625
"kilombo",0.3,0.3,13,0.3,"f1",0.323420806623932,0.147456288799667
"kilombo",0.3,0.3,13,0.3,"f2",0.513174412393162,0.157229716852914
"kilombo",0.3,0.3,13,0.3,"Q",-0.133667200854701,0.428383554091317
"kilombo",0.3,0.3,13,0.6,"f0",0.166786858974359,0.102898759347276
"kilombo",0.3,0.3,13,0.6,"f1",0.265294471153846,0.160150608430497
"kilombo",0.3,0.3,13,0.6,"f2",0.567918669871795,0.175810499958083
"kilombo",0.3,0.3,13,0.6,"Q",0.0373297275641025,0.474806266407749
"kilombo",0.3,0.3,13,0.9,"f0",0.18844484508547,0.111612583372194
"kilombo",0.3,0.3,13,0.9,"f1",0.162449919871795,0.176226691243539
"kilombo",0.3,0.3,13,0.9,"f2",0.649105235042735,0.206019981434828
"kilombo",0.3,0.3,13,0.9,"Q",0.324205395299145,0.5373574610602
"kilombo",0.3,0.3,14,0.3,"f0",0.162268518518519,0.0976222427954113
"kilombo",0.3,0.3,14,0.3,"f1",0.32067791005291,0.14045052964022
"kilombo",0.3,0.3,14,0.3,"f2",0.517053571428571,0.150603638494111
"kilombo",0.3,0.3,14,0.3,"Q",-0.124302248677249,0.40907489639856
"kilombo",0.3,0.3,14,0.6,"f0",0.163856929796527,0.0991494113973672
"kilombo",0.3,0.3,14,0.6,"f1",0.264105278576755,0.159433246869974
"kilombo",0.3,0.3,14,0.6,"f2",0.572037791626718,0.173705511539956
"kilombo",0.3,0.3,14,0.6,"Q",0.0438272344732076,0.472623913806948
"kilombo",0.3,0.3,14,0.9,"f0",0.174315476190476,0.103991844061491
"kilombo",0.3,0.3,14,0.9,"f1",0.151531084656085,0.172846272979061
"kilombo",0.3,0.3,14,0.9,"f2",0.674153439153439,0.19836650953447
"kilombo",0.3,0.3,14,0.9,"Q",0.37109126984127,0.525046867954244
"kilombo",0.3,0.3,15,0.3,"f0",0.159179012345679,0.0936035502219646
"kilombo",0.3,0.3,15,0.3,"f1",0.317898148148148,0.135209974622777
"kilombo",0.3,0.3,15,0.3,"f2",0.522922839506173,0.144613139725427
"kilombo",0.3,0.3,15,0.3,"Q",-0.112873456790123,0.393581065017588
"kilombo",0.3,0.3,15,0.6,"f0",0.157407407407407,0.0935703596331021
"kilombo",0.3,0.3,15,0.6,"f1",0.256253086419753,0.154355376302069
"kilombo",0.3,0.3,15,0.6,"f2",0.586339506172839,0.169157630989756
"kilombo",0.3,0.3,15,0.6,"Q",0.0738333333333333,0.459658113300073
"kilombo",0.3,0.3,15,0.9,"f0",0.161974894357445,0.0960373700075121
"kilombo",0.3,0.3,15,0.9,"f1",0.137543499875715,0.164240038688509
"kilombo",0.3,0.3,15,0.9,"f2",0.700481605766841,0.19143950934548
"kilombo",0.3,0.3,15,0.9,"Q",0.425394606015411,0.503338500603532
"kilombo",0.3,0.3,16,0.3,"f0",0.158264710022523,0.0915201036601111
"kilombo",0.3,0.3,16,0.3,"f1",0.322338940503003,0.13482490133382
"kilombo",0.3,0.3,16,0.3,"f2",0.519396349474474,0.143914529640282
"kilombo",0.3,0.3,16,0.3,"Q",-0.125281531531532,0.392999797576132
"kilombo",0.3,0.3,16,0.6,"f0",0.153736134414616,0.0892832410237701
"kilombo",0.3,0.3,16,0.6,"f1",0.264360784862043,0.150876472283813
"kilombo",0.3,0.3,16,0.6,"f2",0.581903080723341,0.165756508674892
"kilombo",0.3,0.3,16,0.6,"Q",0.0531815109992543,0.450627257921336
"kilombo",0.3,0.3,16,0.9,"f0",0.154230324074074,0.091173678578964
"kilombo",0.3,0.3,16,0.9,"f1",0.132760416666667,0.153945418846143
"kilombo",0.3,0.3,16,0.9,"f2",0.713009259259259,0.177988838884232
"kilombo",0.3,0.3,16,0.9,"Q",0.447488425925926,0.469691337873202
"kilombo",0.3,0.3,17,0.3,"f0",0.156944992762206,0.0880543454237724
"kilombo",0.3,0.3,17,0.3,"f1",0.319987279027942,0.131524337110249
"kilombo",0.3,0.3,17,0.3,"f2",0.523067728209852,0.140031524056016
"kilombo",0.3,0.3,17,0.3,"Q",-0.116906829846032,0.383550850873877
"kilombo",0.3,0.3,17,0.6,"f0",0.150136165577342,0.0871475059896175
"kilombo",0.3,0.3,17,0.6,"f1",0.260476579520697,0.146849837574681
"kilombo",0.3,0.3,17,0.6,"f2",0.589387254901961,0.161178490218286
"kilombo",0.3,0.3,17,0.6,"Q",0.0684340958605664,0.438332511115682
"kilombo",0.3,0.3,17,0.9,"f0",0.145830591744528,0.0847625615053404
"kilombo",0.3,0.3,17,0.9,"f1",0.134170614554547,0.142974109100665
"kilombo",0.3,0.3,17,0.9,"f2",0.719998793700926,0.165533244867607
"kilombo",0.3,0.3,17,0.9,"Q",0.451657564591832,0.436444678100303
"kilombo",0.3,0.3,18,0.3,"f0",0.155679116616617,0.0855489593282914
"kilombo",0.3,0.3,18,0.3,"f1",0.322038184017351,0.1279243916933
"kilombo",0.3,0.3,18,0.3,"f2",0.522282699366033,0.137851508152944
"kilombo",0.3,0.3,18,0.3,"Q",-0.121793668668669,0.374913011185824
"kilombo",0.3,0.3,18,0.6,"f0",0.148667695473251,0.0841634517054393
"kilombo",0.3,0.3,18,0.6,"f1",0.259225823045267,0.143447310341266
"kilombo",0.3,0.3,18,0.6,"f2",0.592106481481481,0.157728162108595
"kilombo",0.3,0.3,18,0.6,"Q",0.0736548353909465,0.428870996017891
"kilombo",0.3,0.3,18,0.9,"f0",0.138706414748081,0.0810014424324506
"kilombo",0.3,0.3,18,0.9,"f1",0.123141370537204,0.140969199349437
"kilombo",0.3,0.3,18,0.9,"f2",0.738152214714715,0.163316029849228
"kilombo",0.3,0.3,18,0.9,"Q",0.491869473640307,0.431425312720747
"kilombo",0.3,0.3,19,0.3,"f0",0.153311403508772,0.0815943515430343
"kilombo",0.3,0.3,19,0.3,"f1",0.318265107212476,0.125837670736064
"kilombo",0.3,0.3,19,0.3,"f2",0.528423489278752,0.134209982799533
"kilombo",0.3,0.3,19,0.3,"Q",-0.108106725146199,0.368418781143638
"kilombo",0.3,0.3,19,0.6,"f0",0.145388809862494,0.0807212417913896
"kilombo",0.3,0.3,19,0.6,"f1",0.254190868500079,0.139255377382038
"kilombo",0.3,0.3,19,0.6,"f2",0.600420321637427,0.152701417219608
"kilombo",0.3,0.3,19,0.6,"Q",0.0920385846372689,0.416261566192249
"kilombo",0.3,0.3,19,0.9,"f0",0.13354044834308,0.0772894095790958
"kilombo",0.3,0.3,19,0.9,"f1",0.118345516569201,0.140213544245888
"kilombo",0.3,0.3,19,0.9,"f2",0.748114035087719,0.16053692832735
"kilombo",0.3,0.3,19,0.9,"Q",0.511423001949318,0.428168236028939
"kilombo",0.3,0.3,20,0.3,"f0",0.153337962962963,0.0805668068428236
"kilombo",0.3,0.3,20,0.3,"f1",0.317118055555556,0.12291656448963
"kilombo",0.3,0.3,20,0.3,"f2",0.529543981481482,0.13154729344387
"kilombo",0.3,0.3,20,0.3,"Q",-0.10469212962963,0.359976306807997
"kilombo",0.3,0.3,20,0.6,"f0",0.142410379129129,0.0776559596567121
"kilombo",0.3,0.3,20,0.6,"f1",0.253054617117117,0.136429383216508
"kilombo",0.3,0.3,20,0.6,"f2",0.604535003753754,0.148543235334698
"kilombo",0.3,0.3,20,0.6,"Q",0.0984257695195195,0.407200493344138
"kilombo",0.3,0.3,20,0.9,"f0",0.130787037037037,0.0743278974739861
"kilombo",0.3,0.3,20,0.9,"f1",0.115891203703704,0.135398276874752
"kilombo",0.3,0.3,20,0.9,"f2",0.753321759259259,0.154127310141721
"kilombo",0.3,0.3,20,0.9,"Q",0.521539351851852,0.412568261979363
"kilombo",0.3,0.3,21,0.3,"f0",0.153272699833103,0.0784578690309081
"kilombo",0.3,0.3,21,0.3,"f1",0.321399719470189,0.119909098858143
"kilombo",0.3,0.3,21,0.3,"f2",0.525327580696708,0.12739433507037
"kilombo",0.3,0.3,21,0.3,"Q",-0.11747185824367,0.35020826279823
"kilombo",0.3,0.3,21,0.6,"f0",0.141177071126736,0.0753069168878318
"kilombo",0.3,0.3,21,0.6,"f1",0.246429015304854,0.134578610061887
"kilombo",0.3,0.3,21,0.6,"f2",0.61239391356841,0.147256520723127
"kilombo",0.3,0.3,21,0.6,"Q",0.119535882958702,0.4029635206086
"kilombo",0.3,0.3,21,0.9,"f0",0.126833209047974,0.0725070167765596
"kilombo",0.3,0.3,21,0.9,"f1",0.11531461950925,0.131089798065817
"kilombo",0.3,0.3,21,0.9,"f2",0.757852171442776,0.150267987772486
"kilombo",0.3,0.3,21,0.9,"Q",0.527222932424275,0.400417382771433
"kilombo",0.3,0.3,22,0.3,"f0",0.151900252525253,0.0755338938831574
"kilombo",0.3,0.3,22,0.3,"f1",0.319844276094276,0.115664387150081
"kilombo",0.3,0.3,22,0.3,"f2",0.528255471380471,0.123868435597058
"kilombo",0.3,0.3,22,0.3,"Q",-0.111433080808081,0.338952699488153
"kilombo",0.3,0.3,22,0.6,"f0",0.138381734006734,0.0729996749011547
"kilombo",0.3,0.3,22,0.6,"f1",0.256853956228956,0.132986177967755
"kilombo",0.3,0.3,22,0.6,"f2",0.60476430976431,0.144312110160219
"kilombo",0.3,0.3,22,0.6,"Q",0.0910563973063973,0.39740658213996
"kilombo",0.3,0.3,22,0.9,"f0",0.123352272727273,0.0685954022067652
"kilombo",0.3,0.3,22,0.9,"f1",0.104549663299663,0.119886116772695
"kilombo",0.3,0.3,22,0.9,"f2",0.772098063973064,0.138227341635065
"kilombo",0.3,0.3,22,0.9,"Q",0.562998737373737,0.366259227170719
"kilombo",0.3,0.3,23,0.3,"f0",0.150764215302259,0.0739303263809302
"kilombo",0.3,0.3,23,0.3,"f1",0.316270074422248,0.114933344331954
"kilombo",0.3,0.3,23,0.3,"f2",0.532965710275493,0.123130099561727
"kilombo",0.3,0.3,23,0.3,"Q",-0.0995744385690038,0.3373569619448
"kilombo",0.3,0.3,23,0.6,"f0",0.137867587459067,0.0709485599656058
"kilombo",0.3,0.3,23,0.6,"f1",0.256081201569238,0.132049942349687
"kilombo",0.3,0.3,23,0.6,"f2",0.606051210971695,0.143841548183542
"kilombo",0.3,0.3,23,0.6,"Q",0.0938888078332199,0.395761165700302
"kilombo",0.3,0.3,23,0.9,"f0",0.121022544283414,0.0667887012655393
"kilombo",0.3,0.3,23,0.9,"f1",0.101644524959742,0.118131974850994
"kilombo",0.3,0.3,23,0.9,"f2",0.777332930756844,0.135438338158708
"kilombo",0.3,0.3,23,0.9,"Q",0.574043880837359,0.360333387280833
"kilombo",0.3,0.3,24,0.3,"f0",0.15039453516016,0.0717894115841348
"kilombo",0.3,0.3,24,0.3,"f1",0.316081706706707,0.112134197114513
"kilombo",0.3,0.3,24,0.3,"f2",0.533523758133133,0.119375529528959
"kilombo",0.3,0.3,24,0.3,"Q",-0.0986396552802803,0.328463971989112
"kilombo",0.3,0.3,24,0.6,"f0",0.136469907407407,0.0692589892260518
"kilombo",0.3,0.3,24,0.6,"f1",0.247060185185185,0.125609868136103
"kilombo",0.3,0.3,24,0.6,"f2",0.616469907407407,0.137041984054354
"kilombo",0.3,0.3,24,0.6,"Q",0.122349537037037,0.376051771492235
"kilombo",0.3,0.3,24,0.9,"f0",0.119043209876543,0.0647864612297841
"kilombo",0.3,0.3,24,0.9,"f1",0.102143132716049,0.112151631268712
"kilombo",0.3,0.3,24,0.9,"f2",0.778813657407407,0.129362309743296
"kilombo",0.3,0.3,24,0.9,"Q",0.574527391975309,0.34245756059168
"kilombo",0.3,0.3,25,0.3,"f0",0.150134863123994,0.0726469705796343
"kilombo",0.3,0.3,25,0.3,"f1",0.317685185185185,0.110069887470415
"kilombo",0.3,0.3,25,0.3,"f2",0.532179951690821,0.117146375691549
"kilombo",0.3,0.3,25,0.3,"Q",-0.103190418679549,0.321413963776778
"kilombo",0.3,0.3,25,0.6,"f0",0.135815085158151,0.0683634313683067
"kilombo",0.3,0.3,25,0.6,"f1",0.251699107866991,0.125000622678897
"kilombo",0.3,0.3,25,0.6,"f2",0.612485806974858,0.136386406542553
"kilombo",0.3,0.3,25,0.6,"Q",0.109087591240876,0.374443015948415
"kilombo",0.3,0.3,25,0.9,"f0",0.116936334144363,0.0639912233693547
"kilombo",0.3,0.3,25,0.9,"f1",0.0954866180048662,0.109002799988768
"kilombo",0.3,0.3,25,0.9,"f2",0.787577047850771,0.126375031142779
"kilombo",0.3,0.3,25,0.9,"Q",0.596603811841038,0.33318441527891
"kilombo",0.3,0.3,26,0.3,"f0",0.149102331846897,0.0690480774405049
"kilombo",0.3,0.3,26,0.3,"f1",0.317601882819274,0.106792730353736
"kilombo",0.3,0.3,26,0.3,"f2",0.533295785333829,0.114222434877973
"kilombo",0.3,0.3,26,0.3,"Q",-0.101907980304719,0.313102448777286
"kilombo",0.3,0.3,26,0.6,"f0",0.134075473137973,0.0647284347947036
"kilombo",0.3,0.3,26,0.6,"f1",0.242364926739927,0.119765497297324
"kilombo",0.3,0.3,26,0.6,"f2",0.6235596001221,0.12976659242946
"kilombo",0.3,0.3,26,0.6,"Q",0.138829746642247,0.358051966965087
"kilombo",0.3,0.3,26,0.9,"f0",0.115436126373626,0.0622073191828654
"kilombo",0.3,0.3,26,0.9,"f1",0.0882345085470086,0.0981327976990175
"kilombo",0.3,0.3,26,0.9,"f2",0.796329365079365,0.11581670459991
"kilombo",0.3,0.3,26,0.9,"Q",0.619860347985348,0.300468470856308
"kilombo",0.3,0.3,27,0.3,"f0",0.148978542034098,0.0692896402342889
"kilombo",0.3,0.3,27,0.3,"f1",0.325404174015285,0.108280921410946
"kilombo",0.3,0.3,27,0.3,"f2",0.525617283950617,0.114339528298946
"kilombo",0.3,0.3,27,0.3,"Q",-0.125191064079953,0.316175619485285
"kilombo",0.3,0.3,27,0.6,"f0",0.133974100912507,0.0656159278572108
"kilombo",0.3,0.3,27,0.6,"f1",0.247109277151548,0.119024588006278
"kilombo",0.3,0.3,27,0.6,"f2",0.618916621935946,0.129539502380212
"kilombo",0.3,0.3,27,0.6,"Q",0.12469806763285,0.35599390915295
"kilombo",0.3,0.3,27,0.9,"f0",0.114429012345679,0.0615379409587618
"kilombo",0.3,0.3,27,0.9,"f1",0.0951572604350382,0.102320738371201
"kilombo",0.3,0.3,27,0.9,"f2",0.790413727219283,0.118686985710564
"kilombo",0.3,0.3,27,0.9,"Q",0.600099206349206,0.312254970146604
"kilombo",0.3,0.3,28,0.3,"f0",0.148455215419501,0.0670734227968419
"kilombo",0.3,0.3,28,0.3,"f1",0.319308035714286,0.10573009564747
"kilombo",0.3,0.3,28,0.3,"f2",0.532236748866213,0.112936207855463
"kilombo",0.3,0.3,28,0.3,"Q",-0.106379322562358,0.310385553460029
"kilombo",0.3,0.3,28,0.6,"f0",0.132171201814059,0.062963084064785
"kilombo",0.3,0.3,28,0.6,"f1",0.250356079931973,0.118609425645863
"kilombo",0.3,0.3,28,0.6,"f2",0.617472718253968,0.129258516573323
"kilombo",0.3,0.3,28,0.6,"Q",0.116760558390023,0.355814231759438
"kilombo",0.3,0.3,28,0.9,"f0",0.112825655624569,0.0587158166290005
"kilombo",0.3,0.3,28,0.9,"f1",0.0880905653324132,0.0970781258950043
"kilombo",0.3,0.3,28,0.9,"f2",0.799083779043018,0.113162835211607
"kilombo",0.3,0.3,28,0.9,"Q",0.622902648378192,0.29676145763607
"kilombo",0.3,0.3,29,0.3,"f0",0.148777529700378,0.0660489185125295
"kilombo",0.3,0.3,29,0.3,"f1",0.31873811295791,0.102021432278728
"kilombo",0.3,0.3,29,0.3,"f2",0.532484357341713,0.108385783032294
"kilombo",0.3,0.3,29,0.3,"Q",-0.104991868574106,0.298274622592066
"kilombo",0.3,0.3,29,0.6,"f0",0.132549133107307,0.062931016493409
"kilombo",0.3,0.3,29,0.6,"f1",0.246806003473084,0.117773965934407
"kilombo",0.3,0.3,29,0.6,"f2",0.620644863419609,0.128080362346448
"kilombo",0.3,0.3,29,0.6,"Q",0.127032856473442,0.35287016634184
"kilombo",0.3,0.3,29,0.9,"f0",0.111938970990695,0.057533062652375
"kilombo",0.3,0.3,29,0.9,"f1",0.0915469348659004,0.0981434449843593
"kilombo",0.3,0.3,29,0.9,"f2",0.796514094143404,0.114385911030832
"kilombo",0.3,0.3,29,0.9,"Q",0.613420224411604,0.300707695430502
"kilombo",0.3,0.3,30,0.3,"f0",0.14820014761138,0.0645600355143092
"kilombo",0.3,0.3,30,0.3,"f1",0.320184178743961,0.100600891295857
"kilombo",0.3,0.3,30,0.3,"f2",0.531615673644659,0.10741581029942
"kilombo",0.3,0.3,30,0.3,"Q",-0.108752683843264,0.294960520261187
"kilombo",0.3,0.3,30,0.6,"f0",0.131756575415996,0.0610052905109402
"kilombo",0.3,0.3,30,0.6,"f1",0.246240942028985,0.114139732891291
"kilombo",0.3,0.3,30,0.6,"f2",0.622002482555019,0.124253158527569
"kilombo",0.3,0.3,30,0.6,"Q",0.129520598497048,0.342111857465586
"kilombo",0.3,0.3,30,0.9,"f0",0.111267652544631,0.0575182237858286
"kilombo",0.3,0.3,30,0.9,"f1",0.0880861977084999,0.0913091529345249
"kilombo",0.3,0.3,30,0.9,"f2",0.800646149746869,0.107290642780762
"kilombo",0.3,0.3,30,0.9,"Q",0.624473754329869,0.27917973136977
"kilombo",0.3,0.3,31,0.3,"f0",0.148121479774706,0.0641672393987127
"kilombo",0.3,0.3,31,0.3,"f1",0.317290706605223,0.101533670412346
"kilombo",0.3,0.3,31,0.3,"f2",0.534587813620072,0.108477973300945
"kilombo",0.3,0.3,31,0.3,"Q",-0.0999935995903738,0.29819802181563
"kilombo",0.3,0.3,31,0.6,"f0",0.130958136716433,0.0601029223205313
"kilombo",0.3,0.3,31,0.6,"f1",0.23776785023594,0.111623225856866
"kilombo",0.3,0.3,31,0.6,"f2",0.631274013047626,0.121336450552567
"kilombo",0.3,0.3,31,0.6,"Q",0.155738312575746,0.334217515189297
"kilombo",0.3,0.3,31,0.9,"f0",0.111370327700973,0.0559895731112901
"kilombo",0.3,0.3,31,0.9,"f1",0.0922411034306196,0.096622561657065
"kilombo",0.3,0.3,31,0.9,"f2",0.796388568868408,0.111276087357096
"kilombo",0.3,0.3,31,0.9,"Q",0.611906362007168,0.294776109590284
"kilombo",0.3,0.3,32,0.3,"f0",0.148539806547619,0.0620303863286297
"kilombo",0.3,0.3,32,0.3,"f1",0.318373325892857,0.098940928732834
"kilombo",0.3,0.3,32,0.3,"f2",0.533086867559524,0.105291245925808
"kilombo",0.3,0.3,32,0.3,"Q",-0.10365978422619,0.290342979975
"kilombo",0.3,0.3,32,0.6,"f0",0.130550247302158,0.0586887556205324
"kilombo",0.3,0.3,32,0.6,"f1",0.24021563998801,0.108828744421503
"kilombo",0.3,0.3,32,0.6,"f2",0.629234112709832,0.118307885168835
"kilombo",0.3,0.3,32,0.6,"Q",0.148802832733813,0.325827716256549
"kilombo",0.3,0.3,32,0.9,"f0",0.110773189484127,0.0545450104890472
"kilombo",0.3,0.3,32,0.9,"f1",0.0926416790674603,0.0943584440060296
"kilombo",0.3,0.3,32,0.9,"f2",0.796585131448413,0.108509794146191
"kilombo",0.3,0.3,32,0.9,"Q",0.611301773313492,0.287739301573281
"kilombo",0.3,0.3,33,0.3,"f0",0.148585676913015,0.0625535658000914
"kilombo",0.3,0.3,33,0.3,"f1",0.319286994646707,0.0981439399842416
"kilombo",0.3,0.3,33,0.3,"f2",0.532127328440278,0.104364256155409
"kilombo",0.3,0.3,33,0.3,"Q",-0.106446660853136,0.287477293770804
"kilombo",0.3,0.3,33,0.6,"f0",0.131496512746513,0.0585539974094023
"kilombo",0.3,0.3,33,0.6,"f1",0.246318843193843,0.112041817015597
"kilombo",0.3,0.3,33,0.6,"f2",0.622184644059644,0.121757913986452
"kilombo",0.3,0.3,33,0.6,"Q",0.129546957671958,0.336062553984664
"kilombo",0.3,0.3,33,0.9,"f0",0.110063464380011,0.0554886661341836
"kilombo",0.3,0.3,33,0.9,"f1",0.0916478938061672,0.0965520890383657
"kilombo",0.3,0.3,33,0.9,"f2",0.798288641813822,0.111575774846581
"kilombo",0.3,0.3,33,0.9,"Q",0.614992854201487,0.295166583212223
"kilombo",0.3,0.3,34,0.3,"f0",0.14796626984127,0.0612433902754156
"kilombo",0.3,0.3,34,0.3,"f1",0.321593429038282,0.0968335555339079
"kilombo",0.3,0.3,34,0.3,"f2",0.530440301120448,0.103027136739064
"kilombo",0.3,0.3,34,0.3,"Q",-0.112746556956116,0.283906132151326
"kilombo",0.3,0.3,34,0.6,"f0",0.130439765834391,0.0569863839768085
"kilombo",0.3,0.3,34,0.6,"f1",0.249133046503973,0.109520546007345
"kilombo",0.3,0.3,34,0.6,"f2",0.620427187661635,0.118485564539326
"kilombo",0.3,0.3,34,0.6,"Q",0.122161094653689,0.328009285053923
"kilombo",0.3,0.3,34,0.9,"f0",0.109827264239029,0.0530406835464511
"kilombo",0.3,0.3,34,0.9,"f1",0.0888859710550887,0.0853999401938504
"kilombo",0.3,0.3,34,0.9,"f2",0.801286764705882,0.0997839590535226
"kilombo",0.3,0.3,34,0.9,"Q",0.623514822595705,0.260773437952785
"kilombo",0.3,0.3,35,0.3,"f0",0.147784863945578,0.0603680890318405
"kilombo",0.3,0.3,35,0.3,"f1",0.322208049886621,0.0933292258422944
"kilombo",0.3,0.3,35,0.3,"f2",0.5300070861678,0.0989459127276863
"kilombo",0.3,0.3,35,0.3,"Q",-0.114409013605442,0.272661575891735
"kilombo",0.3,0.3,35,0.6,"f0",0.130181405895692,0.0559685982412124
"kilombo",0.3,0.3,35,0.6,"f1",0.24375141723356,0.107168991391559
"kilombo",0.3,0.3,35,0.6,"f2",0.626067176870748,0.116898434315748
"kilombo",0.3,0.3,35,0.6,"Q",0.138564342403628,0.32193465199253
"kilombo",0.3,0.3,35,0.9,"f0",0.109486961451247,0.0531791244704748
"kilombo",0.3,0.3,35,0.9,"f1",0.0900977891156463,0.0900528041263437
"kilombo",0.3,0.3,35,0.9,"f2",0.800415249433107,0.10431725212249
"kilombo",0.3,0.3,35,0.9,"Q",0.620219671201814,0.275040495015506
