pi,lambda,f0,f1,f2,sdf0,sdf1,sdf2,Q,sdQ,m,sdm,k2,sdk2,k0,k1,sdk0,sdk1
0.05,0.05,0.4924146963,0.1977563109,0.3098289928,0.052645768,0.043030445,0.0507692414,-0.0856836291,0.1153217629,0.2400972257,0.0763727559,0.0821729696,0.0607739312,0.1326323941,0.1833728925,0.0928628299,0.141975131
0.05,0.1,0.4430372907,0.2018431392,0.3551195701,0.0539804278,0.0475115528,0.0577742026,-0.0485667083,0.1331536263,0.1809183454,0.0663634277,0.1400315393,0.0834438201,0.2249526115,0.2052520013,0.1157404444,0.159413834
0.05,0.15,0.3958454886,0.1994087478,0.4047457636,0.0541461381,0.0509320411,0.0631026157,0.0059282679,0.147128001,0.1641769808,0.0629763276,0.2146254917,0.097869738,0.3288193688,0.2167408719,0.1219137984,0.1685720049
0.05,0.2,0.3512981755,0.1921585604,0.4565432642,0.0531746597,0.0549142655,0.0687229094,0.0722261435,0.1631161713,0.1998655086,0.0860289212,0.2959694626,0.1086657852,0.4295848246,0.2309887957,0.1206453119,0.1764710559
0.05,0.25,0.3123088728,0.1794643839,0.5082267433,0.0515461931,0.0574948357,0.0719384597,0.1492979755,0.1733359244,0.2652962509,0.1025451399,0.3779217127,0.1140684759,0.5180736503,0.2482623987,0.1169988744,0.1826581158
0.05,0.3,0.2785008248,0.1639186203,0.5575805549,0.0496425152,0.0588709022,0.0739161919,0.2297433142,0.1796016437,0.3369046238,0.1095395614,0.4562515573,0.1173474856,0.5948140787,0.2780583711,0.112685464,0.1932744867
0.05,0.35,0.2500516871,0.146627943,0.6033203699,0.047275539,0.0577070608,0.0723021057,0.3100644839,0.1766167021,0.405108098,0.1080377117,0.5288791622,0.1148084149,0.659391876,0.31845133,0.1073125731,0.2055182907
0.05,0.4,0.2262446388,0.1297048738,0.6440504874,0.045481783,0.0563400508,0.0709292021,0.3846407398,0.1732076151,0.466119895,0.1062260427,0.5935578595,0.1126275491,0.7134324149,0.3728616846,0.1032408572,0.2202625084
0.05,0.45,0.2063317671,0.1136582854,0.6800099475,0.0436647404,0.0546895773,0.0692104752,0.4526933767,0.1688275739,0.5200176956,0.1038034424,0.6506595733,0.1099050465,0.7586334122,0.4359120791,0.0991162818,0.2300707354
0.05,0.5,0.1890288428,0.0978091477,0.7131620095,0.0418611816,0.0523004124,0.0665059729,0.5175437141,0.16179127,0.5697460135,0.0997450047,0.7033044786,0.1056103433,0.7979099888,0.5045392652,0.0950223141,0.2348605546
0.05,0.55,0.1744363409,0.0835643089,0.7419993502,0.0402789878,0.0489760642,0.0629786037,0.5748707323,0.1518092521,0.6129990252,0.0944679055,0.7490976805,0.1000089415,0.8310340728,0.5698907987,0.0914308312,0.2322544476
0.05,0.6,0.1616234941,0.0703795551,0.7679969508,0.0387361264,0.0455561144,0.0596552647,0.6272378405,0.1418711888,0.6519954261,0.089482897,0.790381424,0.0947315362,0.8601184489,0.6338584997,0.0879286304,0.2249057473
0.05,0.65,0.1506673832,0.0589825044,0.7903501125,0.0374232263,0.0425036152,0.0566979781,0.6723851037,0.1329749235,0.6855251687,0.0850469672,0.825877861,0.0900354159,0.8849881487,0.6919962224,0.0849484277,0.2127959168
0.05,0.7,0.1408176956,0.0480053487,0.8111769558,0.0360094437,0.0383740893,0.0525289073,0.7151662584,0.1204986416,0.7167654336,0.078793361,0.8589505306,0.0834150031,0.9073463352,0.7480689042,0.0817392281,0.19604823
0.05,0.75,0.1321991002,0.0380403399,0.8297605599,0.0348836643,0.0346669269,0.0491666586,0.75367988,0.1096773259,0.7446408398,0.0737499878,0.8884609749,0.0780758097,0.9269100179,0.7998586568,0.0791837777,0.1791406978
0.05,0.8,0.1246850787,0.0290149463,0.846299975,0.0338919,0.0301949746,0.0453996763,0.7882700825,0.0967289461,0.7694499625,0.0680995145,0.9147252822,0.0720939066,0.9439663857,0.8471081372,0.0769325337,0.1570729422
0.05,0.85,0.117883829,0.0214404399,0.8606757311,0.0328881634,0.026064857,0.0419896236,0.8177948513,0.0848668575,0.7910135966,0.0629844354,0.937553736,0.0666788014,0.9594048052,0.8868063698,0.0746541133,0.1369035542
0.05,0.9,0.1113967008,0.0129424644,0.8756608348,0.0319413709,0.020271236,0.0378315032,0.849775906,0.0686928205,0.8134912522,0.0567472548,0.9613498235,0.0600757776,0.9741301883,0.9316491306,0.0725049524,0.106631124
0.05,0.95,0.1058945764,0.0060125969,0.8880928268,0.031075961,0.0139846969,0.0340966807,0.8760676331,0.0522470161,0.8321392402,0.0511450211,0.9810916134,0.0541449436,0.9866196733,0.9682215018,0.070540525,0.0738880517
0.1,0.05,0.3444670332,0.2606540865,0.3948788803,0.0484783002,0.0464958181,0.0520907978,-0.1264292927,0.1281063193,0.1176424144,0.0578344021,0.086820232,0.0653985316,0.163556378,0.1427456779,0.120739142,0.1087005757
0.1,0.1,0.3203143214,0.2589307173,0.4207549613,0.0482927234,0.0490370645,0.0559617411,-0.0971064734,0.1384145125,0.1422939265,0.0707861404,0.1160765158,0.0821021051,0.2138594256,0.1505932874,0.142984371,0.1144479274
0.1,0.15,0.2960100975,0.2560461885,0.4479437141,0.0480025899,0.0514936556,0.0592733017,-0.0641486628,0.1477871951,0.1765314921,0.0817441973,0.1563060354,0.0977032931,0.2854062786,0.1588495305,0.1603346426,0.119873613
0.1,0.2,0.2740517371,0.2478047988,0.4781434641,0.0472670316,0.0542822968,0.0627738263,-0.0174661335,0.1582173244,0.2190746563,0.0906485858,0.2075526853,0.1112521948,0.3596573802,0.1718513872,0.1676951661,0.1275022227
0.1,0.25,0.253644089,0.2371946013,0.5091613097,0.0462074725,0.0572507149,0.0660936709,0.034772107,0.1688215778,0.2645855036,0.097308175,0.2637378977,0.1211903778,0.4326790768,0.19201731,0.1684802997,0.1383321966
0.1,0.3,0.2348465884,0.224900075,0.5402533367,0.0451857087,0.0585483927,0.0680125972,0.0904531867,0.1742444527,0.3108129468,0.100953976,0.321407753,0.1267804996,0.5015097732,0.2143967008,0.1663511366,0.1503222203
0.1,0.35,0.2175706573,0.2104232442,0.5720060985,0.0438567494,0.0601251076,0.0704094041,0.1511596101,0.1808750813,0.3582542614,0.1049357595,0.3810100482,0.1320807827,0.5651992276,0.2487033313,0.1620369715,0.1655648964
0.1,0.4,0.2021723069,0.1928652837,0.6049624094,0.042662529,0.0605636121,0.0708918572,0.219231842,0.182878348,0.407548138,0.1060231072,0.4430147323,0.1335910026,0.6221172721,0.2953604456,0.1577343747,0.1814248113
0.1,0.45,0.1882965759,0.1764754811,0.635227943,0.0414669536,0.0611562886,0.0715934765,0.2822769808,0.1854141606,0.4528828543,0.1072542683,0.5001041103,0.1350899754,0.6734265269,0.3454543793,0.1533581756,0.1956088524
0.1,0.5,0.1756611847,0.1571745064,0.6671643089,0.0401399448,0.0593128998,0.0701536561,0.3528152962,0.1806939306,0.500776156,0.1051242855,0.56039114,0.1324115069,0.7201572621,0.4077774128,0.1484628097,0.2027325315
0.1,0.55,0.1644001,0.1400725319,0.6955273682,0.0387622581,0.0582564227,0.0689438884,0.4153823044,0.1778134378,0.5433230692,0.1032802546,0.6139556265,0.1300660403,0.7618078494,0.4689102082,0.1433672559,0.2048353084
0.1,0.6,0.1544427393,0.1234067483,0.7221505124,0.0376223706,0.0572871775,0.0681493768,0.4753370157,0.1754794899,0.5832395651,0.1021578346,0.6642079515,0.1286339812,0.7986364436,0.5295730353,0.1391512339,0.2072595464
0.1,0.65,0.1452474881,0.1039104724,0.7508420395,0.0366085501,0.0531687705,0.0641433995,0.5430210947,0.1631694338,0.6262724319,0.0961650889,0.7183755984,0.1210949853,0.8326462768,0.6015750848,0.1354014865,0.1980116887
0.1,0.7,0.1367975506,0.0863488628,0.7768535866,0.0355244529,0.0484281328,0.0597567477,0.604155861,0.149198986,0.6652803799,0.0896351215,0.7674857929,0.1128274256,0.8638994703,0.6676248295,0.1313918123,0.1843319504
0.1,0.75,0.1294142964,0.0706842289,0.7999014746,0.0346335169,0.0456599223,0.0571422653,0.6585330167,0.1410876518,0.6998522119,0.0857133979,0.8110027843,0.1078909904,0.8912073968,0.7277536473,0.1280965695,0.1744865327
0.1,0.8,0.1226075981,0.0543572607,0.8230351412,0.0335664945,0.0399163213,0.0520780048,0.7143206198,0.1242691147,0.7345527118,0.0781170072,0.8546817352,0.0983291,0.9163828563,0.7904539365,0.1241500482,0.1533577554
0.1,0.85,0.116351862,0.039628143,0.844019995,0.0326324691,0.0349808272,0.0478356722,0.7647637091,0.109895169,0.7660299925,0.0717535083,0.8943034871,0.0903191014,0.9395205103,0.8472454672,0.1206954338,0.1343163901
0.1,0.9,0.1109605599,0.0261097226,0.8629297176,0.0319081582,0.0287434847,0.0430304335,0.8107102724,0.0920636788,0.7943945764,0.0645456502,0.9300071591,0.081246273,0.959460943,0.8992911272,0.1180164756,0.1108672632
0.1,0.95,0.1056107473,0.0120550362,0.8823342164,0.0309826107,0.0190362464,0.0363649759,0.858224144,0.064974319,0.8235013247,0.0545474638,0.9666450241,0.0686611432,0.9792479209,0.9535020031,0.1145932175,0.0734255217
0.15,0.05,0.2671557111,0.2933571107,0.4394871782,0.0449939539,0.0477337497,0.0520139413,-0.1472270432,0.133185974,0.1629104724,0.072387116,0.0915200035,0.0689352269,0.2086919588,0.1294552386,0.15547705,0.0967131812
0.15,0.1,0.2530097476,0.2902554361,0.4567348163,0.0445705791,0.049506111,0.0547608548,-0.123776056,0.1404575052,0.1877780055,0.0777005255,0.1086633474,0.0804783912,0.2369166933,0.1349846443,0.170192862,0.1007108621
0.15,0.15,0.2398140465,0.2847609098,0.4754250437,0.0440726765,0.0520557933,0.0577172567,-0.0940967758,0.1495589424,0.2150893277,0.0831244314,0.1344157353,0.0938910703,0.2775477216,0.1446508135,0.1868934035,0.1069489712
0.15,0.2,0.2270723319,0.2786932767,0.4942343914,0.043534375,0.054195362,0.0602784503,-0.063152162,0.1572666992,0.2426702074,0.0879299475,0.1645721623,0.1067906301,0.3271799337,0.1549487509,0.2018200889,0.1135783462
0.15,0.25,0.2149326668,0.268867983,0.5161993502,0.0427231483,0.0559526723,0.0628787167,-0.0215366158,0.1643011671,0.2753485379,0.0921514536,0.204549373,0.1182587577,0.3816623286,0.1700864879,0.2112512252,0.1230150422
0.15,0.3,0.2029992502,0.2589826543,0.5380180955,0.0419079131,0.0579361597,0.0652796807,0.0200527868,0.1714973917,0.3077581355,0.0962820446,0.2465221806,0.1281371272,0.440137578,0.1899728639,0.2169353328,0.133238183
0.15,0.35,0.1924595351,0.2468928768,0.5606475881,0.0412078894,0.0601232457,0.0678318784,0.0668618345,0.1791539531,0.341392027,0.100736314,0.2918003021,0.1367771998,0.494579731,0.2171748063,0.2191430713,0.1465213818
0.15,0.4,0.1818738815,0.2330849288,0.5850411897,0.0401975525,0.0612921011,0.0693102199,0.1188713322,0.1836310518,0.3778741565,0.1031348139,0.3417531413,0.1418323051,0.5509938911,0.2501895431,0.2171824983,0.1589681739
0.15,0.45,0.1725129718,0.2160970757,0.6113899525,0.03940008,0.0614106632,0.0695495741,0.179195801,0.184483914,0.4172768058,0.1037531894,0.3961940223,0.1438662258,0.6016584691,0.2939758679,0.2147330881,0.1710433362
0.15,0.5,0.1633954511,0.2000707823,0.6365337666,0.0384623087,0.0632282258,0.0717564908,0.2363922019,0.1909846453,0.4548923519,0.1073439512,0.4485227661,0.149313106,0.6513622602,0.3417621166,0.2108195178,0.1832884165
0.15,0.55,0.1549707573,0.1803610597,0.664668183,0.0375988428,0.0621914878,0.07109539,0.3039460635,0.1885285242,0.4970593352,0.1064434922,0.5072635396,0.1484194741,0.6975942139,0.3999113912,0.2064451649,0.1911675331
0.15,0.6,0.1471579105,0.1613647588,0.6914773307,0.0367088494,0.0602782929,0.0693400097,0.368747813,0.1831116249,0.5372344414,0.1039376088,0.5633103671,0.1450730238,0.7405232645,0.4590049773,0.2017675227,0.193281705
0.15,0.65,0.139768158,0.1398341915,0.7203976506,0.0357946493,0.0592743,0.068571363,0.4407292677,0.1806218079,0.5806061485,0.1028143827,0.6238649615,0.1435144014,0.7811475503,0.5301005725,0.1969039758,0.1926747551
0.15,0.7,0.1329949513,0.1204156961,0.7465893527,0.0348540862,0.0565120673,0.0658102715,0.5057579605,0.1724095222,0.6198842539,0.0987142738,0.6786991984,0.1378241829,0.8184116917,0.5942033872,0.191782172,0.1869091453
0.15,0.75,0.1266503874,0.1000972257,0.7732523869,0.0340646546,0.0530062037,0.0626951487,0.5730579355,0.1622627172,0.6598793302,0.0940387493,0.7345408722,0.1313057673,0.8533247037,0.6622439224,0.1874642815,0.1767274642
0.15,0.8,0.1208212447,0.0783897026,0.8007890527,0.0332722426,0.0481616383,0.0584738398,0.6440096476,0.1481915855,0.7011835791,0.0877107597,0.7922130603,0.1224673341,0.8854054742,0.7353061925,0.1831116823,0.1612988213
0.15,0.85,0.115139965,0.057724169,0.827135866,0.032501055,0.0415812343,0.0527492328,0.7116875281,0.1288751405,0.7407037991,0.0791238493,0.8473937017,0.1104777443,0.9166715104,0.8048561003,0.1788817755,0.1404766923
0.15,0.9,0.1101778055,0.0383308173,0.8514913772,0.0318088027,0.034305392,0.0467465446,0.7748297426,0.1076720852,0.7772370657,0.0701198168,0.8984037693,0.0979057423,0.9439826206,0.8704095167,0.1750717046,0.1159534886
0.15,0.95,0.1053864534,0.0182686828,0.8763448638,0.0311142225,0.0238600077,0.0392479304,0.8398074981,0.0781076836,0.8145172957,0.0588718956,0.9504567944,0.0822006801,0.9703536286,0.9382344533,0.1712488216,0.0806695498
0.2,0.05,0.2189156711,0.3143195701,0.4667647588,0.0416846439,0.0480545091,0.0516304723,-0.1618743814,0.1355629484,0.2029428893,0.0730646614,0.0952520543,0.0715088305,0.2682523655,0.1208701396,0.1990553594,0.0913638179
0.2,0.1,0.210511922,0.3111965009,0.4782915771,0.0412987648,0.050262943,0.0542225602,-0.1441014246,0.1434129101,0.220004124,0.0771293888,0.1065126473,0.0794576533,0.2825378298,0.1277301246,0.2069036488,0.095505344
0.2,0.15,0.2027629593,0.3062345914,0.4910024494,0.0409027553,0.051670448,0.0560706507,-0.1214667333,0.1486764742,0.2384629343,0.0807055372,0.1211854791,0.0886352923,0.3047549184,0.1337079302,0.2179324928,0.0995163662
0.2,0.2,0.1948234441,0.2993264184,0.5058501375,0.040378094,0.0537415541,0.0586679287,-0.0928026993,0.1561855449,0.2604053737,0.0849596167,0.1432245408,0.1004865437,0.3349035955,0.1441068161,0.2312901928,0.1061736668
0.2,0.25,0.1870362409,0.2910964259,0.5218673332,0.0398969296,0.0556926039,0.0611301396,-0.0603255186,0.1632089113,0.284151862,0.0890172257,0.1706295875,0.1120641504,0.3719885743,0.1578500232,0.2446191754,0.1138709338
0.2,0.3,0.1796339415,0.2818737316,0.5384923269,0.0394344988,0.0573119018,0.0629582951,-0.0252551362,0.1687868653,0.3087130217,0.092379707,0.2010088192,0.1228219837,0.4127822687,0.173894812,0.2563536815,0.1233948238
0.2,0.35,0.1724710822,0.2691637591,0.5583651587,0.0388898074,0.0582670255,0.0643167782,0.0200376406,0.1724974992,0.338148113,0.0950711564,0.2402825722,0.1320239629,0.456661049,0.1978796872,0.2650135471,0.1345802977
0.2,0.4,0.1658191452,0.2586196951,0.5755611597,0.0383238425,0.0608254868,0.0671562788,0.0583217696,0.1810825851,0.3637937266,0.0996423932,0.2767039975,0.1413033081,0.5000880494,0.2238491091,0.2715261346,0.1465537609
0.2,0.45,0.1589636091,0.243652187,0.5973842039,0.0375982941,0.0614862997,0.068248267,0.11007983,0.1839282597,0.3962787553,0.1018299866,0.3231185163,0.1479515801,0.5478548577,0.2589918806,0.2742036299,0.1585320981
0.2,0.5,0.152944164,0.2290602849,0.6179955511,0.037010678,0.0624124378,0.0694994974,0.1598749813,0.1874108699,0.4272324419,0.1035596063,0.3686180394,0.1519851715,0.5911522119,0.297737837,0.2759900182,0.1681732293
0.2,0.55,0.1463407648,0.2087586103,0.6449006248,0.0363359612,0.0634965874,0.0709158382,0.2273834041,0.191409153,0.4674705324,0.1059972693,0.4281755173,0.1569049183,0.6401492841,0.3548751955,0.2758233239,0.1793218301
0.2,0.6,0.1405402649,0.1915354661,0.6679242689,0.0358125593,0.0625830576,0.0702798972,0.2848533367,0.1890834408,0.5019217196,0.1052978687,0.4793073058,0.1568768582,0.684171957,0.404237612,0.2747478511,0.1835966902
0.2,0.65,0.1347176706,0.1685175206,0.6967648088,0.0350017748,0.0616964229,0.0696729025,0.3597297676,0.1869528901,0.5451507373,0.1044958219,0.5438491806,0.1560902903,0.7286911486,0.4735991002,0.2710873279,0.1858857665
0.2,0.7,0.1292785804,0.1476774806,0.723043939,0.0343657122,0.0593246214,0.0676125155,0.4276889778,0.1801910559,0.5845704824,0.1013982985,0.6027825085,0.1516608004,0.7709171993,0.537088385,0.2672539229,0.1829117632
0.2,0.75,0.1240717321,0.1248023994,0.7511258685,0.0337146138,0.0571701328,0.065755423,0.5015210697,0.1740934265,0.6266898525,0.0986281105,0.6658089457,0.1475412202,0.8113834041,0.6084522869,0.2633082854,0.177332409
0.2,0.8,0.1188016996,0.0999115721,0.7812867283,0.0330563993,0.052283241,0.0616882165,0.5814635841,0.1601002213,0.6719311422,0.0925265291,0.733508327,0.1384439764,0.8525600029,0.6862307994,0.258783103,0.1633194573
0.2,0.85,0.1141186203,0.0740533867,0.811827993,0.0322517005,0.0459367979,0.055979672,0.6637212197,0.1413575717,0.7177419895,0.083969508,0.8020631679,0.1256665679,0.8891798836,0.7673238548,0.2530132887,0.1440372081
0.2,0.9,0.1094483379,0.0490731317,0.8414785304,0.0316144702,0.0385270764,0.0498572358,0.7433322669,0.1198511416,0.7622177956,0.0747858538,0.8686252722,0.111924407,0.9258327561,0.8457747563,0.2481395086,0.1210529703
0.2,0.95,0.105096076,0.0241366158,0.8707673082,0.0309286901,0.0276758766,0.041554872,0.8224940765,0.0886734418,0.8061509623,0.062332308,0.9343755898,0.0932864474,0.9599946085,0.9241421216,0.242872023,0.0869807193
0.25,0.05,0.1854009998,0.3295043239,0.4850946763,0.0390950164,0.0484477187,0.0517153523,-0.1739139715,0.1380205821,0.2303497376,0.0732278461,0.0989575808,0.0744238629,0.3475237243,0.1166405399,0.2628434177,0.0874732491
0.25,0.1,0.1805810047,0.3255487628,0.4938702324,0.038733755,0.0500295942,0.0534702327,-0.1572272932,0.1435073224,0.2432099225,0.076213372,0.1062852152,0.0797589448,0.3537996291,0.1219340665,0.2646984204,0.090576608
0.25,0.15,0.1755291677,0.3195221195,0.5049487128,0.0384436039,0.051294715,0.0550508943,-0.1340955261,0.1480637304,0.2593775306,0.079119186,0.1178984524,0.0870475051,0.3671088807,0.1280778805,0.270307162,0.0948321319
0.25,0.2,0.1706309423,0.3135383654,0.5158306923,0.0381195558,0.0530995899,0.0572060827,-0.1112460385,0.1543658165,0.2753648838,0.0828133892,0.1328559714,0.096527224,0.3842955051,0.1369264184,0.2791768268,0.1007661688
0.25,0.25,0.165888028,0.3071510122,0.5269609598,0.0377408051,0.0550276224,0.0594175337,-0.0873410647,0.1609684087,0.2918467383,0.0864118493,0.1505339733,0.1065183493,0.405662216,0.1477495626,0.2886097211,0.1076663608
0.25,0.3,0.1612635341,0.2980805299,0.540655936,0.03743488,0.0562381412,0.0608470381,-0.0555051237,0.1651687527,0.3120097226,0.0891256573,0.1739293716,0.1161839048,0.4307836462,0.1619789553,0.2997785048,0.115811123
0.25,0.35,0.156523819,0.2870499875,0.5564261935,0.037090871,0.0577015198,0.062748254,-0.0176737816,0.1704035123,0.335339915,0.0925713391,0.2041816175,0.1267797035,0.46061703,0.1825952012,0.3109899244,0.1261091348
0.25,0.4,0.151859985,0.276583954,0.571556061,0.0366949787,0.0591380198,0.0645943222,0.018388153,0.1755222743,0.3578022744,0.0957808223,0.2350974223,0.1363563793,0.4938323051,0.2048692827,0.3206072022,0.1359733576
0.25,0.45,0.1476693327,0.262752162,0.5895785054,0.0362329122,0.0609727381,0.066714141,0.0640741815,0.1817490872,0.3846985004,0.0992388123,0.2739569153,0.1459706367,0.525271077,0.2370165959,0.3291143404,0.1487196093
0.25,0.5,0.1429213697,0.2488581355,0.6082204949,0.0357610368,0.0628272115,0.0689755512,0.1105042239,0.1881454956,0.4125997001,0.1027379548,0.3159710016,0.1539551572,0.5649689157,0.2725913022,0.3365963188,0.1595112536
0.25,0.55,0.1384852287,0.2321148213,0.62939995,0.0352263562,0.0631958265,0.0695866961,0.1651703074,0.1897561788,0.4442987753,0.1037925043,0.3639979331,0.1585912361,0.6038182823,0.316059835,0.3423445674,0.168096037
0.25,0.6,0.1340286928,0.2140184454,0.6519528618,0.0348544383,0.064078975,0.0707569166,0.223915971,0.1929420902,0.4780131217,0.1058681901,0.4161377689,0.1633892397,0.6454231705,0.3662569858,0.3479605841,0.1758841608
0.25,0.65,0.1297195701,0.1924647838,0.6778156461,0.0341866371,0.0631809731,0.0701403057,0.2928860785,0.1907158812,0.5167956761,0.1049575192,0.4764324874,0.1635093279,0.6867082703,0.426784004,0.349490991,0.1799373958
0.25,0.7,0.1250813797,0.1690584354,0.705860185,0.0337841277,0.0619733093,0.0694808121,0.3677433142,0.1877342844,0.558831892,0.1040537428,0.5422235733,0.1629276335,0.7334904432,0.4947911022,0.3519087275,0.1806216032
0.25,0.75,0.1211025744,0.1439224194,0.7349750062,0.0332605767,0.0592022513,0.0672049068,0.4471301675,0.1799066589,0.6024634841,0.1008028084,0.6106749661,0.1583429926,0.7744441521,0.5689058735,0.3511422824,0.1754386357
0.25,0.8,0.1167643089,0.1169753562,0.7662603349,0.032642967,0.0552064788,0.0636700553,0.5323096226,0.1682766563,0.6493905024,0.0955050829,0.6844379018,0.1502172075,0.8199273866,0.6492070982,0.348771881,0.1650966684
0.25,0.85,0.1126676831,0.0898234941,0.7975088228,0.0321843942,0.0504245048,0.0596324532,0.6178618345,0.1544415814,0.6962647338,0.0894397391,0.758178242,0.1406445812,0.8635042029,0.7306370907,0.3471015549,0.1507530892
0.25,0.9,0.1085509123,0.0600384404,0.8314106473,0.0314445533,0.0416762618,0.0520506317,0.7113337666,0.1287313081,0.747115971,0.0780759475,0.8381599544,0.1228160973,0.9076618477,0.8198883779,0.3418326058,0.1250045259
0.25,0.95,0.1047990502,0.0311329168,0.864068033,0.0309279602,0.0312602604,0.0439921543,0.8018021995,0.0987728442,0.7961020495,0.0659882315,0.9152167071,0.1038017125,0.9482700641,0.9066012497,0.3381781952,0.0937807811
0.3,0.05,0.1608822794,0.3403941015,0.4987236191,0.0368196071,0.0488202703,0.0514128935,-0.1820645839,0.1397104244,0.2507315921,0.0728046385,0.1014807021,0.0765036444,0.463894693,0.113945785,0.3445829119,0.0851648031
0.3,0.1,0.158276181,0.335663984,0.506059835,0.0366363842,0.0498177159,0.0527957751,-0.165268133,0.1434174369,0.2613443639,0.0753513207,0.1070404186,0.0805651446,0.4662785457,0.1178203021,0.3446459044,0.08765135
0.3,0.15,0.1551140715,0.3310485379,0.5138373907,0.0364146774,0.0513751929,0.0546952407,-0.1482596851,0.1488593741,0.2728002249,0.0784627495,0.115598239,0.0866299454,0.4729006851,0.1236687781,0.3461208407,0.091922107
0.3,0.2,0.1524246938,0.3242207948,0.5233545114,0.0362053958,0.0528370987,0.0564298224,-0.1250870782,0.1538891393,0.2867339915,0.0815097736,0.1271726747,0.0944048658,0.4804367882,0.1320549839,0.3496755132,0.0975008781
0.3,0.25,0.1493745064,0.3174354911,0.5331900025,0.0359630619,0.0538908164,0.0576152017,-0.1016809798,0.1574711761,0.3011666833,0.0837191938,0.1407388233,0.1019531629,0.4918151616,0.1413168303,0.355506776,0.1029888453
0.3,0.3,0.1464908273,0.308864084,0.5446450887,0.0358091965,0.0550937614,0.0590940795,-0.0730830792,0.1616281808,0.3179950262,0.0865085098,0.1590395433,0.1114547178,0.5064870577,0.1545885005,0.3627862989,0.1108422578
0.3,0.35,0.1435790552,0.3009925019,0.5554284429,0.035538696,0.0570205521,0.0613839771,-0.0465565609,0.1681845423,0.3340940265,0.0900293712,0.1802975039,0.1200066046,0.5227173335,0.1709490842,0.3702889139,0.1183539889
0.3,0.4,0.1405261185,0.2906346913,0.5688391902,0.0352969143,0.058818982,0.0635761253,-0.0124301925,0.1743331944,0.353939915,0.0938391536,0.2063587758,0.1314911145,0.543292805,0.1914047322,0.3790466001,0.1296984518
0.3,0.45,0.1374325419,0.2779252687,0.5846421895,0.0350209351,0.0598969615,0.0649528865,0.0287916521,0.1781279783,0.3774214196,0.0963077792,0.239188217,0.1408407095,0.56602575,0.2185511694,0.389208924,0.1401333407
0.3,0.5,0.134624044,0.2667216196,0.5986543364,0.0346244878,0.0621956145,0.067510335,0.0652110972,0.1857013528,0.3983723069,0.1002800189,0.2707806502,0.1501693114,0.5881754177,0.2465373133,0.3968764624,0.1503011386
0.3,0.55,0.1312362909,0.2498014996,0.6189622094,0.0343536193,0.0626390068,0.0681793452,0.1193592102,0.1874214451,0.4286224444,0.1017732095,0.316613435,0.1571445051,0.6195081486,0.2878314731,0.4080340482,0.1598345966
0.3,0.6,0.128096126,0.2311581105,0.6407457636,0.0339214857,0.0635890521,0.0696635051,0.1784295426,0.1910996671,0.4612369658,0.1041371513,0.3678771733,0.1640993071,0.6504986446,0.3369831399,0.4154112153,0.1688180879
0.3,0.65,0.1249086728,0.2109762059,0.6641151212,0.0335778355,0.0635523057,0.0698905135,0.2421627093,0.1913961413,0.4962699325,0.1045085863,0.4237567255,0.1671495983,0.6837294779,0.3919674296,0.4253610275,0.1741738355
0.3,0.7,0.1216259935,0.1883064734,0.6900675331,0.0332524142,0.062823714,0.0698326413,0.3134545864,0.1899980567,0.5351310672,0.1046381958,0.4864195256,0.1690411455,0.7210154641,0.4553750205,0.4342258784,0.1765151547
0.3,0.75,0.1182576356,0.1634722319,0.7182701325,0.0327547125,0.0613702372,0.0685705063,0.3913256686,0.1858973822,0.5774173457,0.1028054679,0.5550771383,0.1670603395,0.761202443,0.5261553564,0.4398326133,0.1752826215
0.3,0.8,0.1150579855,0.1352411397,0.7497008748,0.0323740616,0.0577939707,0.0655457279,0.4792185954,0.1755944928,0.6245545364,0.0983032591,0.6318610267,0.1603230159,0.802220791,0.6074153295,0.4441530388,0.1669394901
0.3,0.85,0.1115065734,0.1046778805,0.7838155461,0.0319212535,0.0543290489,0.062851105,0.5744597851,0.1658997428,0.6757234691,0.0942757656,0.7153925776,0.1538742453,0.8485334948,0.6960376692,0.4491260536,0.1573625177
0.3,0.9,0.1078872782,0.0710395901,0.8210731317,0.0313723403,0.0454853191,0.0550554659,0.6789939515,0.1397796517,0.7316096976,0.0825831988,0.8066453547,0.134872843,0.8977620082,0.793657369,0.4508816252,0.132061151
0.3,0.95,0.1044434891,0.0357569608,0.8597995501,0.0308641915,0.0329547207,0.0451351029,0.7882856286,0.1035491071,0.7896993252,0.0677026544,0.9015169702,0.1105719389,0.9457219285,0.8961347092,0.4521992772,0.0957240573
0.35,0.05,0.142348163,0.3481738065,0.5094780305,0.0349128705,0.0487307297,0.051199884,-0.1868695826,0.1402660736,0.2667643089,0.0725468981,0.1040357969,0.0779697014,0.6388041924,0.1110056925,0.4754619681,0.0832996587
0.35,0.1,0.1407113222,0.3441882529,0.5151004249,0.0348402703,0.0499276973,0.0525015624,-0.173276081,0.1442158211,0.2750483129,0.0746457068,0.1084463567,0.0813828592,0.6401927223,0.1149311937,0.4750389769,0.0860736935
0.35,0.15,0.139299825,0.3394147463,0.5212854286,0.0347520101,0.0512370284,0.0541460692,-0.157544064,0.1487662076,0.2840977256,0.0773773958,0.1149931782,0.0861712755,0.6423493061,0.1202092763,0.4747559275,0.0897596093
0.35,0.2,0.1375256686,0.3339691577,0.5285051737,0.0346502885,0.0523399415,0.0552879168,-0.1394331417,0.1523344779,0.2946231442,0.0795077469,0.1227204633,0.0913288643,0.646844166,0.1267203393,0.4754101491,0.0935697917
0.35,0.25,0.1359467133,0.3263330167,0.5377202699,0.0345094485,0.0539777498,0.0573308017,-0.1149457636,0.1579881111,0.3080910522,0.083117623,0.1359255558,0.0992547134,0.6512892269,0.1373765559,0.4763493898,0.1004543506
0.35,0.3,0.1341028743,0.3199685079,0.5459286178,0.0344104809,0.0549993071,0.058540951,-0.0940083979,0.1614388711,0.3201700825,0.0852637934,0.1476492184,0.1068322345,0.6592819172,0.1466638136,0.479434439,0.1065696519
0.35,0.35,0.1323434141,0.3097363659,0.5579202199,0.0341285782,0.0563334369,0.0603754183,-0.0615525119,0.1662732402,0.3377896276,0.0886255778,0.1685199753,0.1165281397,0.6649824757,0.1644435667,0.4814111768,0.1149938782
0.35,0.4,0.130656136,0.3007811047,0.5685627593,0.0340141314,0.0584681887,0.0625397075,-0.0329994501,0.1730054835,0.3536001,0.0921482038,0.1892866711,0.126176693,0.6754068368,0.1831216869,0.4852174247,0.1245599601
0.35,0.45,0.1286835291,0.290192002,0.5811244689,0.033833996,0.0596428815,0.0641288517,0.0007404649,0.1771770023,0.3723234441,0.0947044819,0.2148569945,0.1351246802,0.6878898144,0.2053599896,0.4911127144,0.1330861597
0.35,0.5,0.1268725319,0.2792615346,0.5938659335,0.0336150934,0.0609005732,0.0656154134,0.0353428643,0.1814096946,0.3913662834,0.0970311582,0.2421709001,0.1435576889,0.6999495618,0.23004986,0.4970716825,0.1418001511
0.35,0.55,0.1248811297,0.2629466133,0.6121722569,0.0333401443,0.061936167,0.0670774349,0.0862790302,0.1851797749,0.4185526868,0.0998310139,0.2828419792,0.1538050038,0.715286285,0.2685438018,0.5030483987,0.1526935391
0.35,0.6,0.1228335916,0.2470541365,0.6301122719,0.0332041582,0.063037959,0.0686045242,0.136003999,0.1890963131,0.4453635091,0.1023493245,0.3250873924,0.1616553007,0.735474197,0.3090357207,0.5115236602,0.1611790263
0.35,0.65,0.1205091727,0.2262002499,0.6532905774,0.0329804753,0.0641648035,0.0700546749,0.2008900775,0.1930033186,0.4800660335,0.1046733837,0.3808670573,0.1696362313,0.7594237998,0.364039182,0.5213326849,0.1703130549
0.35,0.7,0.1181526118,0.2047936016,0.6770537866,0.0325877632,0.0643334667,0.0706138059,0.2674665834,0.1940818738,0.5156568608,0.1056619359,0.4394319614,0.1735094264,0.782962579,0.4223467582,0.5312264051,0.1747436961
0.35,0.75,0.1155963009,0.1798815796,0.7045221195,0.0323144168,0.0633402674,0.07011258,0.3447589603,0.1916528514,0.5568013247,0.1050990275,0.5076177952,0.1747162738,0.814189846,0.4912160501,0.5429726744,0.1755585719
0.35,0.8,0.1127326668,0.1484176456,0.7388496876,0.0319585642,0.0596551368,0.0669630379,0.4420143964,0.1810023694,0.6082900525,0.1003752456,0.5937158106,0.168054949,0.8522588943,0.5794643084,0.5548756292,0.1675547877
0.35,0.85,0.1100650837,0.1167452637,0.7731896526,0.0316864443,0.0563631204,0.0644023149,0.5396991252,0.1717431833,0.6598029243,0.0965071791,0.6802533314,0.1618123046,0.8922812084,0.6690904141,0.5648608716,0.1587714288
0.35,0.9,0.1071471132,0.0813032742,0.8115496126,0.031194274,0.0480886361,0.0571428978,0.6489430642,0.1473935833,0.7173244189,0.0857143467,0.7768691584,0.1441443491,0.9358524959,0.7693703431,0.5746723356,0.1363799464
0.35,0.95,0.1041153712,0.0425728068,0.853311822,0.030809125,0.0366021117,0.0479299204,0.7681662084,0.114156537,0.7799677331,0.0718948807,0.8822215054,0.1209039719,0.9859617719,0.8792389729,0.5847958681,0.1037734667
0.4,0.05,0.1275030242,0.3553270682,0.5171699075,0.033374917,0.0490657048,0.0511769265,-0.1934842289,0.1416831803,0.2783868533,0.0723800914,0.1059867086,0.0797762466,0.9446727409,0.1094281358,0.7130176913,0.0825285829
0.4,0.1,0.126855836,0.3507327668,0.5224113972,0.0332870283,0.0500596337,0.0524938835,-0.1790541365,0.1452121637,0.2859137716,0.0748100072,0.1102797811,0.0826678817,0.944364318,0.1130060164,0.7094230297,0.0848737764
0.4,0.15,0.1261006248,0.3452646838,0.5286346913,0.0332713364,0.0509745483,0.0534837717,-0.1618946763,0.148182338,0.295016196,0.076536756,0.115376722,0.0862455338,0.9452090159,0.1176751384,0.7096835904,0.0881775609
0.4,0.2,0.1254382904,0.3398912772,0.5346704324,0.0332686099,0.0521698596,0.0549601351,-0.145112122,0.1522445863,0.303783829,0.0791595959,0.1226084737,0.0911137599,0.9476776715,0.124388178,0.709087862,0.0920568904
0.4,0.25,0.1247016246,0.333804149,0.5414942264,0.0332232186,0.0531536594,0.0562498331,-0.1261140715,0.1556805565,0.3136737066,0.0816317352,0.1308044777,0.0973721876,0.9485482266,0.1318198593,0.709342879,0.0972877904
0.4,0.3,0.1239453637,0.326987803,0.5490668333,0.0330331942,0.0542639729,0.0574596257,-0.1049087728,0.1593421302,0.3249059735,0.0835672486,0.1415878017,0.1036395158,0.9456351821,0.1419159175,0.7072756583,0.1031996986
0.4,0.35,0.1230088478,0.3187447138,0.5582464384,0.0329499946,0.0558753018,0.0594409871,-0.0792429893,0.1648046864,0.3384722569,0.0868656398,0.1575862326,0.1118084374,0.9484826066,0.1566987396,0.7064535387,0.1106008515
0.4,0.4,0.1221272682,0.3106635841,0.5672091477,0.0329201407,0.057143431,0.0609013912,-0.0541180205,0.1689724748,0.3516934766,0.0894501277,0.1736995983,0.1195955447,0.9525167799,0.1719778377,0.7081167706,0.1177936959
0.4,0.45,0.1212684329,0.300676131,0.5780554361,0.0327766929,0.0586359121,0.0624212073,-0.0232968258,0.1736940394,0.3677691577,0.0920661192,0.1943002627,0.1289475069,0.9555903297,0.1921751634,0.7055272005,0.1269806506
0.4,0.5,0.1199861035,0.2885982004,0.5914156961,0.0326520791,0.0602411713,0.0645145121,0.0142192952,0.1792429708,0.3876829043,0.0954230382,0.2226382577,0.1392959551,0.9614031947,0.2188117721,0.7076766732,0.1368135464
0.4,0.55,0.1189647088,0.275296176,0.6057391152,0.0325839527,0.0623575288,0.0669296043,0.0551467633,0.186134511,0.4090788053,0.0992106225,0.2545232732,0.1506469575,0.9678014587,0.250102453,0.710839384,0.1481933308
0.4,0.6,0.1177575106,0.2595209198,0.6227215696,0.0324160112,0.062769359,0.0676552245,0.1036797301,0.187803214,0.4342674081,0.1009761284,0.2929914773,0.1589359916,0.975540524,0.2879427857,0.7116229487,0.1562695485
0.4,0.65,0.1164605849,0.2405059235,0.6430334916,0.0323287662,0.0642454871,0.0695567724,0.1620216446,0.1928445778,0.4647183454,0.1038394584,0.342059548,0.1684485225,0.986925814,0.3369818295,0.7163397441,0.1654872651
0.4,0.7,0.1147444139,0.218796001,0.6664595851,0.0321179703,0.0634589494,0.0692171263,0.2288675831,0.1909767873,0.4997297176,0.1036937791,0.3994900149,0.1727149804,1.0009650315,0.3938902989,0.7228636926,0.1690824193
0.4,0.75,0.1129899525,0.1935936016,0.6934164459,0.0319269027,0.064076184,0.0704548721,0.3062292427,0.1936170368,0.5401608098,0.1055507361,0.4680595017,0.1777619974,1.0191678444,0.4626409683,0.7304926959,0.1734145315
0.4,0.8,0.1109149213,0.1618391402,0.7272459385,0.0317002836,0.0607889702,0.0675534446,0.4035676581,0.1839901656,0.5908742314,0.1013078105,0.5542387681,0.1731217739,1.0439127945,0.5496994608,0.7411001737,0.1675891181
0.4,0.85,0.108703974,0.1274815296,0.7638144964,0.0314102968,0.0570425215,0.0646128608,0.5088514371,0.1734195704,0.6457217446,0.0969192911,0.6483634687,0.1664885995,1.0750164732,0.6450262649,0.7500459886,0.1582804018
0.4,0.9,0.1064672832,0.0904224944,0.8031102224,0.0311599271,0.0505898273,0.0592782812,0.6222652337,0.1547767601,0.7046653337,0.0889174218,0.7497638637,0.1530588411,1.1073326214,0.7481144071,0.7670060513,0.140898854
0.4,0.95,0.1038691827,0.0474085979,0.8487222194,0.0307286205,0.0385861793,0.0495026892,0.7539050237,0.1199850485,0.7730833292,0.0742540338,0.8675606992,0.1278546278,1.1507832587,0.8679338058,0.7791658011,0.1074851119
0.45,0.05,0.1155948013,0.3601912022,0.5242139965,0.0319366934,0.0489488706,0.0509546877,-0.1961684079,0.1418632702,0.2888332417,0.0721649267,0.1071263912,0.0814634557,1.6393793774,0.1078996798,1.2246783603,0.080894865
0.45,0.1,0.1156303424,0.3558180455,0.5285516121,0.0320378871,0.0500828395,0.0522113459,-0.1830844789,0.1455162066,0.295104149,0.0743760753,0.1110137024,0.084007431,1.6462188712,0.1117882022,1.226354401,0.0833223741
0.45,0.15,0.1155173207,0.3511382154,0.5333444639,0.0319868375,0.05065398,0.0529449145,-0.168931967,0.1475063744,0.3019988253,0.0758428312,0.1147603236,0.0863625882,1.6444982458,0.115487352,1.2232004718,0.0853802266
0.45,0.2,0.1155140215,0.3463227193,0.5381632592,0.0319165051,0.051977426,0.0544810838,-0.1544821795,0.1519116709,0.309067908,0.0783913185,0.1206391781,0.090863181,1.6381702722,0.1213180276,1.2241497074,0.0897439237
0.45,0.25,0.1151419145,0.3398088978,0.5450491877,0.0319442326,0.0529285236,0.055574146,-0.1345686078,0.155026323,0.3190562359,0.080532023,0.1281774937,0.0962062276,1.642034047,0.128946872,1.2222890234,0.0947076502
0.45,0.3,0.115104074,0.3339596101,0.5509363159,0.0320134066,0.0545224669,0.0574554289,-0.1169829043,0.1602805631,0.3278345164,0.083387658,0.1377139406,0.10227787,1.6458068631,0.1384970091,1.2247040118,0.1005644839
0.45,0.35,0.1149012247,0.3258651837,0.5592335916,0.0318534116,0.0560093587,0.0591778841,-0.0924967758,0.1652243196,0.340092077,0.0862443621,0.1507881538,0.1099638984,1.6373747119,0.1518231767,1.2192781916,0.1080031023
0.45,0.4,0.1147929518,0.317892177,0.5673148713,0.0318790261,0.0569647279,0.0603878846,-0.0684694826,0.1684560078,0.3519292927,0.0885526419,0.1642044101,0.117016212,1.63976604,0.1653547875,1.2190899081,0.1151994715
0.45,0.45,0.1144006998,0.3078774806,0.5777218195,0.0318906059,0.0580763125,0.0617363528,-0.0380331417,0.1721547521,0.3672508873,0.0911078184,0.1829257016,0.1260229456,1.641408796,0.1845990225,1.2194568641,0.1234716969
0.45,0.5,0.1139998,0.2972055986,0.5887946013,0.0318387998,0.060458478,0.0643508461,-0.0056165959,0.1797972225,0.3838148463,0.0950760206,0.2067636439,0.136219874,1.6416009701,0.208872731,1.215532831,0.1331956782
0.45,0.55,0.11355981,0.2840742814,0.6023659085,0.0318137322,0.0609755818,0.0651789307,0.0342173457,0.181738222,0.403951962,0.0967539625,0.2345264491,0.1457003603,1.6426806632,0.2369968317,1.2140939939,0.142250059
0.45,0.6,0.1130772307,0.2702449888,0.6166777806,0.031819949,0.0625347489,0.0669948097,0.076187803,0.1868246883,0.425276181,0.0998041682,0.2671129136,0.1557797266,1.6462932045,0.2700931251,1.2136039435,0.151822325
0.45,0.65,0.1123446138,0.2527110722,0.6349443139,0.0318132581,0.0639580885,0.0688173466,0.1295221695,0.1916432554,0.4526503374,0.1025629912,0.3109626969,0.1654666207,1.6502776898,0.3141788386,1.2146490784,0.1606327475
0.45,0.7,0.1114557861,0.2315768058,0.6569674081,0.0317670328,0.0641442471,0.0695952205,0.1938137966,0.1928706874,0.4855614096,0.1040485666,0.3647960955,0.1736194498,1.6533304637,0.368346442,1.2166648661,0.1670424889
0.45,0.75,0.1103963509,0.2052897776,0.6843138715,0.0315993787,0.0630194763,0.0690152996,0.2737343164,0.1900553068,0.5265139965,0.1033695134,0.4341257829,0.1767365481,1.6551291622,0.4380496828,1.213023547,0.1684919468
0.45,0.8,0.1091589103,0.1769749563,0.7138661335,0.0313719037,0.0630520573,0.0695310624,0.3599162209,0.1907581841,0.5708303924,0.1041737658,0.5108031607,0.1804844886,1.6590375369,0.5148229435,1.207846724,0.1707441446
0.45,0.85,0.1074923769,0.1408386403,0.7516689828,0.0312903816,0.0596823802,0.0668482732,0.4699917021,0.1811624077,0.6275102974,0.1002402835,0.6097141377,0.1749935727,1.6787502939,0.6135039058,1.2131614115,0.1629465372
0.45,0.9,0.1056796301,0.0989008748,0.7954194951,0.0309926943,0.0529897692,0.0613059754,0.5976177456,0.1618692915,0.6931292427,0.0919589632,0.7246619403,0.1612440062,1.6918667926,0.728444189,1.2188937171,0.1453656868
0.45,0.95,0.1035384654,0.0518529868,0.8446085479,0.0306435454,0.0395054415,0.0499709986,0.7409025744,0.1223818934,0.7669128218,0.0749564979,0.854147206,0.1315636545,1.71673913,0.8576105331,1.2271614803,0.1084793954
0.5,0.05,0.1056625344,0.3649579605,0.5293795051,0.0307146763,0.0488950795,0.050762872,-0.2005364159,0.1420851774,0.296540115,0.0719548961,0.1090085296,0.0814741312,4.6777370657,0.1063004392,3.4901234,0.0800118852
0.5,0.1,0.1060917271,0.3604544364,0.5334538365,0.0308035366,0.0497847296,0.0518232536,-0.1874550362,0.1450184435,0.3024648338,0.0737422104,0.1119703595,0.0840249976,4.6917395651,0.1093572393,3.5023038939,0.082272043
0.5,0.15,0.1063703574,0.3557978005,0.537831842,0.0307483257,0.0509751115,0.0530788807,-0.1737637591,0.1488353304,0.308928143,0.0757022077,0.1163950703,0.0870509248,4.6850122469,0.1141669797,3.4965703425,0.0853442009
0.5,0.2,0.1069363659,0.3518195951,0.541244039,0.0309133125,0.0519133509,0.0540901566,-0.1623951512,0.1517759709,0.3137849038,0.0776377132,0.1201123874,0.0901165699,4.7071912022,0.1186088692,3.527288595,0.0884161145
0.5,0.25,0.1071656586,0.3452572357,0.5475771057,0.0309280757,0.0532129416,0.0556917653,-0.1429373657,0.1561452189,0.3231389653,0.0801730722,0.1280960183,0.0950780868,4.7139810047,0.1269289749,3.5270884656,0.0932929944
0.5,0.3,0.1075196701,0.3393821545,0.5530981755,0.0309507583,0.0541361939,0.0567815672,-0.1256661335,0.1591882696,0.3310893027,0.0823560645,0.1351175516,0.0998449365,4.7150807298,0.13471445,3.5403113018,0.0982663448
0.5,0.35,0.1078604349,0.3319312172,0.5602083479,0.0309793671,0.0554408969,0.0582722633,-0.1036540865,0.163430982,0.3415965009,0.0848083173,0.1458719123,0.106135875,4.7202859285,0.1466746171,3.5508253531,0.1046001998
0.5,0.4,0.1080826293,0.3241141215,0.5678032492,0.0309062853,0.0564273716,0.0594984543,-0.0804249938,0.1667755702,0.3527669833,0.0870019493,0.1577085306,0.1131612676,4.7129682579,0.1596705895,3.5436660452,0.111472689
0.5,0.45,0.1083910522,0.3149905524,0.5766183954,0.0310758381,0.0576374673,0.0610096373,-0.0533627093,0.1707851808,0.3659084979,0.0893461939,0.1734418015,0.1212189333,4.7419220195,0.1769477773,3.5678307696,0.1191504089
0.5,0.5,0.1086555361,0.3046092477,0.5867352162,0.0310886047,0.0585631976,0.0622562331,-0.0224832792,0.1739896597,0.3807928768,0.0917794582,0.1921124648,0.130349726,4.7460354911,0.1972858928,3.5750933667,0.1278480592
0.5,0.55,0.108632142,0.2930546863,0.5983131717,0.0310613473,0.0600566346,0.0639154606,0.0122037991,0.1787924491,0.3979772307,0.0946254248,0.2165257348,0.1396177669,4.7349222694,0.2231983218,3.5804736254,0.1363900249
0.5,0.6,0.1086369908,0.2780732817,0.6132897276,0.031097387,0.0619942417,0.0661076617,0.0571431642,0.1850305107,0.4202623344,0.098310753,0.2498763689,0.1517544701,4.7448632842,0.2582128039,3.5787712461,0.1475755989
0.5,0.65,0.1086686328,0.2618362409,0.6294951262,0.0311935852,0.0634635681,0.0680438796,0.1058226443,0.1900251982,0.4444671832,0.1014435857,0.2883740473,0.1619743528,4.7595981005,0.2982727889,3.5904905337,0.1562103848
0.5,0.7,0.1084862784,0.2424797801,0.6490339415,0.0311423123,0.0647880836,0.0697415051,0.1640743814,0.1945171459,0.4737091977,0.1041378587,0.3361696337,0.1722456574,4.7465743564,0.3473093155,3.5855838275,0.1647896865
0.5,0.75,0.1079785054,0.2162109473,0.6758105474,0.0311665478,0.064727877,0.070172032,0.2433886528,0.1948533377,0.5137957511,0.1049896505,0.4039525893,0.1792494677,4.7497175706,0.4158118042,3.5738244067,0.1692736809
0.5,0.8,0.1072051487,0.1861394151,0.7066554361,0.0310718199,0.0630532848,0.0690240756,0.3343766058,0.1903059469,0.5600210197,0.1033906175,0.4841653953,0.1805667653,4.7283114221,0.4958241797,3.5541875936,0.1680497634
0.5,0.85,0.1063182704,0.1497963009,0.7438854286,0.0309562014,0.0601242153,0.066945181,0.4442928268,0.1822578573,0.6158387903,0.1003695621,0.5827247977,0.177528471,4.7150407398,0.5937232335,3.5217494076,0.1620511559
0.5,0.9,0.1048290927,0.1084029493,0.786767958,0.0308608641,0.054309225,0.0621388887,0.5699620595,0.1654566109,0.6801527618,0.0932038206,0.6970475621,0.1660233633,4.7105893527,0.7057954583,3.4926400622,0.1472572958
0.5,0.95,0.1032076981,0.0577722569,0.839020045,0.0305962591,0.0414409047,0.0514467565,0.7234755311,0.1279536464,0.7585300675,0.0771701348,0.8368143739,0.1376733918,4.684603849,0.8431895883,3.4642946995,0.1124824556
